DATE,QUARTER HOUR,LIST RECORDS,DIALED RECORDS count,CONTACTED count,CONTACTED (%rec),Min TIME TO FIRST CONTACT,Average TIME TO FIRST CONTACT,NEW count,IN PROGRESS count,UNREACHABLE count,UNREACHABLE (%rec),FINAL count,FINAL (%rec)
2016/06/01,07:30,1,1,1,100.00%,00:06:50,00:06:50,0,0,0,0.00%,1,100.00%
2016/06/01,07:45,1,1,1,100.00%,,,0,0,1,100.00%,0,0.00%
2016/06/01,08:00,4,4,4,100.00%,00:03:17,00:06:29,0,0,0,0.00%,4,100.00%
2016/06/01,08:15,6,6,6,100.00%,00:06:20,00:06:53,0,0,2,33.33%,4,66.67%
2016/06/01,08:30,7,7,7,100.00%,00:13:59,00:16:18,0,0,5,71.43%,2,28.57%
2016/06/01,08:45,16,16,15,93.75%,00:01:43,00:15:33,0,0,3,18.75%,13,81.25%
2016/06/01,09:00,3,3,2,66.67%,00:08:17,00:08:17,0,0,1,33.33%,2,66.67%
2016/06/01,09:15,7,6,6,85.71%,00:01:12,00:03:25,1,0,1,14.29%,5,71.43%
2016/06/01,09:30,4,4,4,100.00%,00:02:40,00:06:13,0,0,2,50.00%,2,50.00%
2016/06/01,09:45,4,4,4,100.00%,00:02:10,00:07:04,0,0,0,0.00%,4,100.00%
2016/06/01,10:00,8,8,7,87.50%,00:03:16,00:09:54,0,0,1,12.50%,7,87.50%
2016/06/01,10:15,6,6,6,100.00%,00:01:08,00:05:06,0,0,1,16.67%,5,83.33%
2016/06/01,10:30,7,7,6,85.71%,00:01:13,00:07:49,0,0,1,14.29%,6,85.71%
2016/06/01,10:45,7,7,6,85.71%,00:01:55,00:19:18,0,0,1,14.29%,6,85.71%
2016/06/01,11:00,2,2,2,100.00%,00:01:36,00:02:37,0,0,0,0.00%,2,100.00%
2016/06/01,11:15,6,6,6,100.00%,00:02:11,00:06:34,0,0,1,16.67%,5,83.33%
2016/06/01,11:30,7,7,7,100.00%,00:01:09,00:03:43,0,0,1,14.29%,6,85.71%
2016/06/01,11:45,5,5,4,80.00%,00:00:46,00:09:59,0,0,1,20.00%,4,80.00%
2016/06/01,12:00,9,9,9,100.00%,00:01:12,00:05:03,0,0,0,0.00%,9,100.00%
2016/06/01,12:15,9,9,9,100.00%,00:00:48,00:06:42,0,0,0,0.00%,9,100.00%
2016/06/01,12:30,2,2,2,100.00%,00:06:58,00:06:58,0,0,1,50.00%,1,50.00%
2016/06/01,12:45,3,3,3,100.00%,00:19:08,00:19:08,0,0,1,33.33%,2,66.67%
2016/06/01,13:00,8,7,7,87.50%,00:01:08,00:06:37,1,0,1,12.50%,6,75.00%
2016/06/01,13:15,8,8,7,87.50%,00:00:53,00:13:55,0,0,3,37.50%,5,62.50%
2016/06/01,13:30,10,10,9,90.00%,00:01:02,00:05:36,0,0,4,40.00%,6,60.00%
2016/06/01,13:45,5,5,5,100.00%,00:01:20,00:16:53,0,0,0,0.00%,5,100.00%
2016/06/01,14:00,6,6,6,100.00%,00:01:42,00:04:57,0,0,0,0.00%,6,100.00%
2016/06/01,14:15,6,6,6,100.00%,00:02:37,00:20:22,0,0,0,0.00%,6,100.00%
2016/06/01,14:30,12,12,12,100.00%,00:11:59,00:22:11,0,0,1,8.33%,11,91.67%
2016/06/01,14:45,7,7,7,100.00%,00:07:52,00:14:27,0,0,2,28.57%,5,71.43%
2016/06/01,15:00,5,5,5,100.00%,00:00:36,00:09:32,0,0,1,20.00%,4,80.00%
2016/06/01,15:15,6,6,6,100.00%,00:00:57,00:03:21,0,0,1,16.67%,5,83.33%
2016/06/01,15:30,13,13,13,100.00%,00:01:28,00:07:48,0,0,0,0.00%,13,100.00%
2016/06/01,15:45,15,15,14,93.33%,00:02:32,00:12:47,0,0,2,13.33%,13,86.67%
2016/06/01,16:00,4,4,4,100.00%,00:01:20,00:07:24,0,0,2,50.00%,2,50.00%
2016/06/01,16:15,5,5,5,100.00%,00:01:40,00:12:45,0,0,0,0.00%,5,100.00%
2016/06/01,16:30,5,5,5,100.00%,00:03:12,00:07:32,0,0,0,0.00%,5,100.00%
2016/06/01,16:45,1,1,1,100.00%,,,0,0,0,0.00%,1,100.00%
2016/06/01,17:00,3,2,2,66.67%,00:01:33,00:01:33,1,0,0,0.00%,2,66.67%
2016/06/01,18:30,6,6,6,100.00%,12:28:29,12:45:03,0,0,0,0.00%,6,100.00%
2016/06/01,18:45,4,4,4,100.00%,12:11:56,12:11:56,0,0,1,25.00%,3,75.00%
2016/06/01,19:00,1,1,1,100.00%,,,0,0,0,0.00%,1,100.00%
2016/06/02,00:15,1,1,1,100.00%,,,0,0,0,0.00%,1,100.00%
2016/06/02,06:30,5,5,4,80.00%,00:21:23,00:32:46,0,0,3,60.00%,2,40.00%
2016/06/02,06:45,3,3,3,100.00%,00:37:06,00:37:06,0,0,0,0.00%,3,100.00%
2016/06/02,07:00,4,4,3,75.00%,00:16:34,00:16:34,0,0,1,25.00%,3,75.00%
2016/06/02,07:15,3,3,3,100.00%,00:12:11,00:14:20,0,0,0,0.00%,3,100.00%
2016/06/02,07:30,3,3,3,100.00%,00:05:53,00:06:28,0,0,1,33.33%,2,66.67%
2016/06/02,07:45,7,6,5,71.43%,00:01:22,00:01:56,1,0,1,14.29%,5,71.43%
2016/06/02,08:00,7,7,6,85.71%,00:03:54,00:08:50,0,0,2,28.57%,5,71.43%
2016/06/02,08:15,6,6,6,100.00%,00:02:26,00:14:28,0,0,2,33.33%,4,66.67%
2016/06/02,08:30,5,4,4,80.00%,00:04:06,00:16:52,1,0,1,20.00%,3,60.00%
2016/06/02,08:45,11,11,9,81.82%,00:01:15,00:08:37,0,0,3,27.27%,8,72.73%
2016/06/02,09:00,2,2,2,100.00%,,,0,0,0,0.00%,2,100.00%
2016/06/02,09:15,4,4,3,75.00%,00:03:08,00:15:51,0,0,1,25.00%,3,75.00%
2016/06/02,09:30,5,5,5,100.00%,00:00:52,00:02:22,0,0,1,20.00%,4,80.00%
2016/06/02,09:45,9,9,9,100.00%,00:01:15,00:09:20,0,0,1,11.11%,8,88.89%
2016/06/02,10:00,5,5,5,100.00%,00:02:27,00:13:46,0,0,0,0.00%,5,100.00%
2016/06/02,10:15,7,7,7,100.00%,00:00:58,00:09:13,0,0,0,0.00%,7,100.00%
2016/06/02,10:30,8,8,8,100.00%,00:01:03,00:03:24,0,0,2,25.00%,6,75.00%
2016/06/02,10:45,6,6,5,83.33%,00:03:00,00:08:43,0,0,2,33.33%,4,66.67%
2016/06/02,11:15,6,6,6,100.00%,00:01:34,00:08:05,0,0,0,0.00%,6,100.00%
2016/06/02,11:30,2,2,2,100.00%,00:11:25,00:11:25,0,0,1,50.00%,1,50.00%
2016/06/02,11:45,6,6,6,100.00%,00:02:06,00:14:09,0,0,1,16.67%,5,83.33%
2016/06/02,12:00,2,2,2,100.00%,00:03:33,00:06:28,0,0,0,0.00%,2,100.00%
2016/06/02,12:15,6,6,5,83.33%,00:02:47,00:26:06,0,0,2,33.33%,4,66.67%
2016/06/02,12:30,3,3,3,100.00%,00:12:47,00:12:47,0,0,1,33.33%,2,66.67%
2016/06/02,12:45,5,5,5,100.00%,00:02:02,00:04:57,0,0,0,0.00%,5,100.00%
2016/06/02,13:00,3,3,2,66.67%,,,0,0,2,66.67%,1,33.33%
2016/06/02,13:15,5,5,5,100.00%,00:01:57,00:03:15,0,0,1,20.00%,4,80.00%
2016/06/02,13:30,3,3,3,100.00%,00:02:40,00:11:42,0,0,1,33.33%,2,66.67%
2016/06/02,13:45,4,4,4,100.00%,00:01:55,00:04:29,0,0,0,0.00%,4,100.00%
2016/06/02,14:00,9,8,8,88.89%,00:01:31,00:12:39,1,0,1,11.11%,7,77.78%
2016/06/02,14:15,4,4,4,100.00%,00:01:28,00:02:41,0,0,0,0.00%,4,100.00%
2016/06/02,14:30,6,6,6,100.00%,00:01:42,00:09:21,0,0,0,0.00%,6,100.00%
2016/06/02,14:45,8,8,8,100.00%,00:04:56,00:09:17,0,0,1,12.50%,7,87.50%
2016/06/02,15:00,5,5,5,100.00%,00:02:26,00:10:18,0,0,1,20.00%,4,80.00%
2016/06/02,15:15,11,11,10,90.91%,00:01:18,00:08:11,0,0,2,18.18%,9,81.82%
2016/06/02,15:30,13,13,12,92.31%,00:01:20,00:04:28,0,0,3,23.08%,10,76.92%
2016/06/02,15:45,4,4,4,100.00%,00:01:22,00:03:51,0,0,0,0.00%,4,100.00%
2016/06/02,16:00,8,8,8,100.00%,00:02:45,00:07:45,0,0,0,0.00%,8,100.00%
2016/06/02,16:15,7,7,7,100.00%,00:01:43,00:07:19,0,0,3,42.86%,4,57.14%
2016/06/02,16:30,4,4,4,100.00%,00:02:55,00:09:31,0,0,0,0.00%,4,100.00%
2016/06/02,16:45,7,7,7,100.00%,00:02:17,04:49:30,0,0,0,0.00%,7,100.00%
2016/06/02,17:00,1,1,1,100.00%,,,0,0,0,0.00%,1,100.00%
2016/06/02,19:00,1,0,0,0.00%,,,1,0,0,0.00%,0,0.00%
2016/06/02,22:00,1,1,1,100.00%,,,0,0,0,0.00%,1,100.00%
2016/06/03,06:45,1,1,1,100.00%,00:17:19,00:17:19,0,0,0,0.00%,1,100.00%
2016/06/03,07:00,3,3,3,100.00%,00:00:36,00:01:34,0,0,0,0.00%,3,100.00%
2016/06/03,07:15,3,3,3,100.00%,00:04:00,00:07:01,0,0,0,0.00%,3,100.00%
2016/06/03,07:30,5,5,5,100.00%,00:00:50,00:26:11,0,0,1,20.00%,4,80.00%
2016/06/03,07:45,8,8,8,100.00%,00:01:53,00:45:55,0,0,1,12.50%,7,87.50%
2016/06/03,08:00,5,5,5,100.00%,00:18:50,00:29:08,0,0,0,0.00%,5,100.00%
2016/06/03,08:15,2,2,2,100.00%,00:02:51,00:02:51,0,0,0,0.00%,2,100.00%
2016/06/03,08:30,4,4,4,100.00%,00:03:14,00:03:31,0,0,1,25.00%,3,75.00%
2016/06/03,08:45,7,6,6,85.71%,00:12:22,00:24:03,1,0,0,0.00%,6,85.71%
2016/06/03,09:00,2,2,2,100.00%,00:01:46,00:01:53,0,0,0,0.00%,2,100.00%
2016/06/03,09:15,4,4,4,100.00%,00:01:25,00:07:07,0,0,1,25.00%,3,75.00%
2016/06/03,09:30,6,6,5,83.33%,00:03:38,00:07:51,0,0,3,50.00%,3,50.00%
2016/06/03,09:45,2,2,2,100.00%,00:15:45,00:19:52,0,0,0,0.00%,2,100.00%
2016/06/03,10:00,6,6,6,100.00%,00:02:04,00:10:31,0,0,0,0.00%,6,100.00%
2016/06/03,10:15,8,7,7,87.50%,00:01:38,00:05:16,1,0,2,25.00%,5,62.50%
2016/06/03,10:30,5,4,4,80.00%,00:01:51,00:15:28,1,0,2,40.00%,2,40.00%
2016/06/03,10:45,3,3,2,66.67%,00:02:22,00:02:22,0,0,1,33.33%,2,66.67%
2016/06/03,11:00,4,4,4,100.00%,00:01:07,00:03:12,0,0,1,25.00%,3,75.00%
2016/06/03,11:15,4,4,3,75.00%,00:22:20,00:22:20,0,0,1,25.00%,3,75.00%
2016/06/03,11:30,2,2,2,100.00%,00:02:11,00:02:11,0,0,1,50.00%,1,50.00%
2016/06/03,11:45,2,2,2,100.00%,00:34:58,00:40:37,0,0,0,0.00%,2,100.00%
2016/06/03,12:00,4,4,4,100.00%,00:00:39,00:03:00,0,0,0,0.00%,4,100.00%
2016/06/03,12:15,7,7,7,100.00%,00:00:40,00:05:37,0,0,1,14.29%,6,85.71%
2016/06/03,12:30,8,8,8,100.00%,00:01:03,00:02:26,0,0,1,12.50%,7,87.50%
2016/06/03,12:45,5,4,4,80.00%,00:23:13,00:23:13,1,0,1,20.00%,3,60.00%
2016/06/03,13:00,1,1,1,100.00%,00:16:40,00:16:40,0,0,0,0.00%,1,100.00%
2016/06/03,13:15,1,1,1,100.00%,00:02:10,00:02:10,0,0,0,0.00%,1,100.00%
2016/06/03,13:30,3,3,2,66.67%,00:03:09,00:03:31,0,0,1,33.33%,2,66.67%
2016/06/03,13:45,5,5,5,100.00%,00:01:19,00:09:40,0,0,0,0.00%,5,100.00%
2016/06/03,14:00,5,4,4,80.00%,00:00:54,00:02:16,1,0,0,0.00%,4,80.00%
2016/06/03,14:15,5,5,5,100.00%,00:04:46,00:25:29,0,0,1,20.00%,4,80.00%
2016/06/03,14:30,7,6,5,71.43%,00:02:44,00:04:51,1,0,4,57.14%,2,28.57%
2016/06/03,14:45,8,8,7,87.50%,00:02:16,00:07:19,0,0,3,37.50%,5,62.50%
2016/06/03,15:00,1,1,1,100.00%,00:01:13,00:01:13,0,0,0,0.00%,1,100.00%
2016/06/03,15:15,3,3,2,66.67%,00:00:27,00:00:27,0,0,1,33.33%,2,66.67%
2016/06/03,15:30,3,3,3,100.00%,00:03:42,00:03:42,0,0,0,0.00%,3,100.00%
2016/06/03,18:15,1,0,0,0.00%,,,1,0,0,0.00%,0,0.00%
2016/06/03,20:00,1,0,0,0.00%,,,1,0,0,0.00%,0,0.00%
2016/06/04,07:15,1,1,1,100.00%,00:01:51,00:01:51,0,0,0,0.00%,1,100.00%
2016/06/04,07:30,4,3,3,75.00%,00:02:09,00:04:06,1,0,1,25.00%,2,50.00%
2016/06/04,07:45,7,7,7,100.00%,00:01:51,00:09:16,0,0,0,0.00%,7,100.00%
2016/06/04,08:00,4,4,4,100.00%,00:01:09,00:03:43,0,0,0,0.00%,4,100.00%
2016/06/04,08:15,1,1,1,100.00%,,,0,0,0,0.00%,1,100.00%
2016/06/04,08:45,4,4,4,100.00%,00:10:17,00:11:28,0,0,0,0.00%,4,100.00%
2016/06/04,09:00,3,3,3,100.00%,00:03:35,00:03:35,0,0,1,33.33%,2,66.67%
2016/06/04,09:15,2,2,2,100.00%,00:03:28,00:03:43,0,0,0,0.00%,2,100.00%
2016/06/04,09:30,1,1,1,100.00%,00:12:35,00:12:35,0,0,0,0.00%,1,100.00%
2016/06/04,09:45,8,8,8,100.00%,00:03:43,00:08:58,0,0,1,12.50%,7,87.50%
2016/06/04,10:00,2,2,2,100.00%,00:04:56,00:04:56,0,0,0,0.00%,2,100.00%
2016/06/04,10:15,4,4,4,100.00%,00:01:24,00:03:14,0,0,1,25.00%,3,75.00%
2016/06/04,10:30,9,9,7,77.78%,00:01:00,00:08:11,0,0,3,33.33%,6,66.67%
2016/06/04,10:45,6,6,6,100.00%,00:01:19,00:10:19,0,0,0,0.00%,6,100.00%
2016/06/04,11:00,7,7,7,100.00%,00:01:19,00:07:46,0,0,1,14.29%,6,85.71%
2016/06/04,11:15,7,7,7,100.00%,00:02:11,00:04:03,0,0,0,0.00%,7,100.00%
2016/06/04,11:30,6,6,6,100.00%,00:01:26,00:12:33,0,0,0,0.00%,6,100.00%
2016/06/04,11:45,8,8,8,100.00%,00:00:52,00:05:38,0,0,0,0.00%,8,100.00%
2016/06/04,12:00,2,2,2,100.00%,00:28:16,00:31:45,0,0,0,0.00%,2,100.00%
2016/06/04,12:15,3,3,3,100.00%,00:05:12,00:11:51,0,0,0,0.00%,3,100.00%
2016/06/04,12:30,6,6,5,83.33%,00:03:41,00:03:41,0,0,1,16.67%,5,83.33%
2016/06/04,12:45,3,3,3,100.00%,00:06:05,00:21:37,0,0,0,0.00%,3,100.00%
2016/06/04,13:00,2,2,2,100.00%,00:03:23,00:16:34,0,0,0,0.00%,2,100.00%
2016/06/04,13:15,5,5,5,100.00%,00:04:01,00:08:01,0,0,0,0.00%,5,100.00%
2016/06/04,13:30,7,7,7,100.00%,00:00:58,00:03:30,0,0,2,28.57%,5,71.43%
2016/06/04,13:45,15,15,14,93.33%,00:01:45,00:06:44,0,0,1,6.67%,14,93.33%
2016/06/04,14:00,7,7,6,85.71%,00:01:06,00:03:27,0,0,2,28.57%,5,71.43%
2016/06/04,14:15,9,9,9,100.00%,00:00:55,00:02:30,0,0,1,11.11%,8,88.89%
2016/06/04,14:30,7,7,6,85.71%,00:01:40,00:07:06,0,0,2,28.57%,5,71.43%
2016/06/04,14:45,5,5,5,100.00%,00:01:03,00:08:05,0,0,0,0.00%,5,100.00%
2016/06/04,15:00,11,11,11,100.00%,00:01:01,00:05:04,0,0,1,9.09%,10,90.91%
2016/06/04,15:15,7,7,6,85.71%,00:03:14,00:14:33,0,0,1,14.29%,6,85.71%
2016/06/04,15:30,1,1,1,100.00%,00:31:27,00:31:27,0,0,0,0.00%,1,100.00%
2016/06/04,15:45,9,8,8,88.89%,00:00:18,02:41:36,1,0,0,0.00%,8,88.89%
2016/06/04,16:00,1,1,1,100.00%,15:59:11,15:59:11,0,0,0,0.00%,1,100.00%
2016/06/04,18:15,1,0,0,0.00%,,,1,0,0,0.00%,0,0.00%
2016/06/04,20:30,1,1,1,100.00%,11:30:28,11:30:28,0,0,0,0.00%,1,100.00%
2016/06/05,08:00,2,2,2,100.00%,00:20:32,00:40:09,0,0,0,0.00%,2,100.00%
2016/06/05,08:15,3,3,3,100.00%,00:01:39,00:21:16,0,0,0,0.00%,3,100.00%
2016/06/05,08:30,1,1,1,100.00%,00:14:53,00:14:53,0,0,0,0.00%,1,100.00%
2016/06/05,08:45,2,2,2,100.00%,00:15:55,00:15:55,0,0,1,50.00%,1,50.00%
2016/06/05,09:00,6,6,6,100.00%,00:01:26,00:12:02,0,0,0,0.00%,6,100.00%
2016/06/05,09:15,8,8,8,100.00%,00:01:14,00:05:43,0,0,2,25.00%,6,75.00%
2016/06/05,09:30,8,8,7,87.50%,00:09:51,00:15:14,0,0,1,12.50%,7,87.50%
2016/06/05,10:00,3,3,3,100.00%,00:16:00,00:29:04,0,0,1,33.33%,2,66.67%
2016/06/05,10:15,10,10,9,90.00%,00:00:44,00:03:11,0,0,3,30.00%,7,70.00%
2016/06/05,10:30,2,2,2,100.00%,00:02:58,00:02:58,0,0,0,0.00%,2,100.00%
2016/06/05,10:45,7,7,7,100.00%,00:01:17,00:08:51,0,0,0,0.00%,7,100.00%
2016/06/05,11:00,9,9,9,100.00%,00:01:44,00:15:07,0,0,1,11.11%,8,88.89%
2016/06/05,11:15,1,1,1,100.00%,,,0,0,1,100.00%,0,0.00%
2016/06/05,11:30,11,11,11,100.00%,00:06:25,00:18:25,0,0,3,27.27%,8,72.73%
2016/06/05,11:45,1,1,1,100.00%,,,0,0,1,100.00%,0,0.00%
2016/06/05,12:00,2,2,2,100.00%,00:09:06,00:16:10,0,0,0,0.00%,2,100.00%
2016/06/05,12:15,7,7,7,100.00%,00:01:36,00:11:37,0,0,1,14.29%,6,85.71%
2016/06/05,12:30,4,4,4,100.00%,00:05:03,00:08:57,0,0,0,0.00%,4,100.00%
2016/06/05,12:45,8,8,7,87.50%,00:15:16,00:26:00,0,0,1,12.50%,7,87.50%
2016/06/05,13:00,1,1,1,100.00%,,,0,0,0,0.00%,1,100.00%
2016/06/05,13:15,3,3,3,100.00%,00:06:01,00:09:17,0,0,1,33.33%,2,66.67%
2016/06/05,13:30,2,2,2,100.00%,00:01:37,00:01:37,0,0,1,50.00%,1,50.00%
2016/06/05,13:45,11,11,11,100.00%,00:02:01,00:26:49,0,0,1,9.09%,10,90.91%
2016/06/05,14:00,3,3,2,66.67%,00:08:36,00:11:13,0,0,1,33.33%,2,66.67%
2016/06/05,14:15,4,4,4,100.00%,00:09:50,00:20:07,0,0,0,0.00%,4,100.00%
2016/06/05,14:30,1,1,1,100.00%,,,0,0,1,100.00%,0,0.00%
2016/06/05,14:45,1,1,1,100.00%,00:01:00,00:01:00,0,0,0,0.00%,1,100.00%
2016/06/05,15:00,13,13,10,76.92%,00:01:21,00:08:41,0,0,4,30.77%,9,69.23%
2016/06/05,15:15,9,9,9,100.00%,00:01:03,00:11:06,0,0,0,0.00%,9,100.00%
2016/06/05,15:30,7,7,6,85.71%,00:06:56,00:26:29,0,0,1,14.29%,6,85.71%
2016/06/05,15:45,2,2,2,100.00%,00:06:51,00:11:37,0,0,0,0.00%,2,100.00%
2016/06/05,16:00,2,2,2,100.00%,00:22:05,00:24:49,0,0,0,0.00%,2,100.00%
2016/06/05,17:15,1,1,1,100.00%,,,0,0,0,0.00%,1,100.00%
2016/06/05,18:30,1,0,0,0.00%,,,1,0,0,0.00%,0,0.00%
2016/06/05,19:15,1,1,1,100.00%,13:44:48,13:44:48,0,0,0,0.00%,1,100.00%
2016/06/05,20:15,1,0,0,0.00%,,,1,0,0,0.00%,0,0.00%
2016/06/05,21:15,1,1,1,100.00%,11:46:28,11:46:28,0,0,0,0.00%,1,100.00%
2016/06/06,05:45,1,1,0,0.00%,,,0,0,1,100.00%,0,0.00%
2016/06/06,06:15,1,1,1,100.00%,02:19:39,02:19:39,0,0,0,0.00%,1,100.00%
2016/06/06,07:30,1,1,1,100.00%,00:27:18,00:27:18,0,0,0,0.00%,1,100.00%
2016/06/06,07:45,3,3,3,100.00%,00:07:20,00:07:20,0,0,1,33.33%,2,66.67%
2016/06/06,08:00,5,5,5,100.00%,00:03:37,00:10:47,0,0,0,0.00%,5,100.00%
2016/06/06,08:15,5,5,5,100.00%,00:02:11,00:05:27,0,0,0,0.00%,5,100.00%
2016/06/06,08:30,9,9,9,100.00%,00:01:03,00:10:06,0,0,1,11.11%,8,88.89%
2016/06/06,08:45,3,3,3,100.00%,00:00:59,00:02:24,0,0,1,33.33%,2,66.67%
2016/06/06,09:00,4,4,4,100.00%,00:01:25,00:20:20,0,0,0,0.00%,4,100.00%
2016/06/06,09:15,8,8,8,100.00%,00:01:31,00:11:15,0,0,2,25.00%,6,75.00%
2016/06/06,09:30,10,10,10,100.00%,00:02:03,00:13:51,0,0,4,40.00%,6,60.00%
2016/06/06,09:45,4,4,4,100.00%,00:01:10,00:20:28,0,0,0,0.00%,4,100.00%
2016/06/06,10:00,8,8,7,87.50%,00:01:08,00:09:56,0,0,1,12.50%,7,87.50%
2016/06/06,10:15,8,8,8,100.00%,00:02:37,00:08:14,0,0,1,12.50%,7,87.50%
2016/06/06,10:30,7,7,6,85.71%,00:08:34,00:11:57,0,0,1,14.29%,6,85.71%
2016/06/06,10:45,5,5,5,100.00%,00:01:23,00:05:11,0,0,0,0.00%,5,100.00%
2016/06/06,11:00,3,3,3,100.00%,00:06:39,00:17:40,0,0,0,0.00%,3,100.00%
2016/06/06,11:15,3,3,2,66.67%,00:02:19,00:02:19,0,0,2,66.67%,1,33.33%
2016/06/06,11:30,12,12,10,83.33%,00:02:00,00:21:22,0,0,2,16.67%,10,83.33%
2016/06/06,11:45,3,3,2,66.67%,00:04:35,00:04:35,0,0,1,33.33%,2,66.67%
2016/06/06,12:00,6,6,6,100.00%,00:00:53,00:16:35,0,0,0,0.00%,6,100.00%
2016/06/06,12:15,5,5,4,80.00%,00:02:35,00:06:55,0,0,1,20.00%,4,80.00%
2016/06/06,12:30,7,7,6,85.71%,00:00:33,00:04:25,0,0,2,28.57%,5,71.43%
2016/06/06,12:45,10,9,8,80.00%,00:02:55,00:05:08,1,0,3,30.00%,6,60.00%
2016/06/06,13:00,8,8,8,100.00%,00:01:10,00:04:10,0,0,1,12.50%,7,87.50%
2016/06/06,13:15,7,7,7,100.00%,00:02:21,00:07:01,0,0,1,14.29%,6,85.71%
2016/06/06,13:30,6,6,5,83.33%,00:00:45,00:07:36,0,0,2,33.33%,4,66.67%
2016/06/06,13:45,14,14,14,100.00%,00:01:25,00:06:47,0,0,5,35.71%,9,64.29%
2016/06/06,14:00,6,6,6,100.00%,00:00:38,00:04:09,0,0,0,0.00%,6,100.00%
2016/06/06,14:15,1,1,1,100.00%,,,0,0,1,100.00%,0,0.00%
2016/06/06,14:30,9,9,8,88.89%,00:01:17,00:04:41,0,0,1,11.11%,8,88.89%
2016/06/06,14:45,12,12,11,91.67%,00:02:09,00:17:39,0,0,5,41.67%,7,58.33%
2016/06/06,15:00,9,9,8,88.89%,00:02:00,00:24:29,0,0,3,33.33%,6,66.67%
2016/06/06,15:15,4,4,4,100.00%,00:22:04,00:22:04,0,0,3,75.00%,1,25.00%
2016/06/06,15:30,9,9,7,77.78%,00:02:11,00:15:46,0,0,2,22.22%,7,77.78%
2016/06/06,15:45,12,12,12,100.00%,00:01:15,00:09:34,0,0,1,8.33%,11,91.67%
2016/06/06,16:00,6,6,6,100.00%,00:01:13,00:11:16,0,0,1,16.67%,5,83.33%
2016/06/06,16:15,7,7,6,85.71%,00:03:25,00:07:29,0,0,3,42.86%,4,57.14%
2016/06/06,16:30,5,5,5,100.00%,00:01:57,00:07:37,0,0,0,0.00%,5,100.00%
2016/06/06,16:45,8,8,7,87.50%,00:10:59,02:49:22,0,0,1,12.50%,7,87.50%
2016/06/06,18:45,1,1,1,100.00%,,,0,0,0,0.00%,1,100.00%
2016/06/07,05:45,1,0,0,0.00%,,,1,0,0,0.00%,0,0.00%
2016/06/07,06:00,2,2,2,100.00%,01:49:37,01:49:37,0,0,0,0.00%,2,100.00%
2016/06/07,06:15,1,1,1,100.00%,00:48:53,00:48:53,0,0,0,0.00%,1,100.00%
2016/06/07,07:00,3,2,2,66.67%,00:36:00,00:36:00,1,0,0,0.00%,2,66.67%
2016/06/07,07:15,1,1,1,100.00%,,,0,0,0,0.00%,1,100.00%
2016/06/07,07:30,9,9,9,100.00%,00:10:48,00:20:10,0,0,0,0.00%,9,100.00%
2016/06/07,07:45,4,4,4,100.00%,00:31:37,00:52:43,0,0,1,25.00%,3,75.00%
2016/06/07,08:15,4,4,4,100.00%,00:02:10,00:03:14,0,0,0,0.00%,4,100.00%
2016/06/07,08:30,3,3,3,100.00%,00:13:23,00:13:50,0,0,0,0.00%,3,100.00%
2016/06/07,08:45,5,5,5,100.00%,00:01:06,00:13:56,0,0,1,20.00%,4,80.00%
2016/06/07,09:00,3,3,3,100.00%,00:24:55,00:29:57,0,0,1,33.33%,2,66.67%
2016/06/07,09:15,2,2,1,50.00%,,,0,0,2,100.00%,0,0.00%
2016/06/07,09:30,5,5,4,80.00%,00:01:39,00:01:39,0,0,3,60.00%,2,40.00%
2016/06/07,09:45,3,3,3,100.00%,00:06:39,00:12:34,0,0,1,33.33%,2,66.67%
2016/06/07,10:00,2,2,2,100.00%,00:16:06,00:16:06,0,0,0,0.00%,2,100.00%
2016/06/07,10:15,2,2,2,100.00%,00:03:24,00:03:24,0,0,1,50.00%,1,50.00%
2016/06/07,10:30,9,9,9,100.00%,00:00:41,00:15:14,0,0,1,11.11%,8,88.89%
2016/06/07,10:45,4,4,3,75.00%,00:03:23,00:08:39,0,0,1,25.00%,3,75.00%
2016/06/07,11:00,6,6,6,100.00%,00:00:51,00:25:52,0,0,0,0.00%,6,100.00%
2016/06/07,11:15,9,9,9,100.00%,00:01:50,00:10:57,0,0,1,11.11%,8,88.89%
2016/06/07,11:30,7,7,7,100.00%,00:02:21,00:03:06,0,0,1,14.29%,6,85.71%
2016/06/07,11:45,2,2,1,50.00%,,,0,0,2,100.00%,0,0.00%
2016/06/07,12:00,6,6,6,100.00%,00:01:02,00:21:11,0,0,2,33.33%,4,66.67%
2016/06/07,12:15,5,4,4,80.00%,00:01:07,00:04:08,1,0,1,20.00%,3,60.00%
2016/06/07,12:30,8,8,7,87.50%,00:02:08,00:05:12,0,0,2,25.00%,6,75.00%
2016/06/07,12:45,7,7,7,100.00%,00:01:35,00:08:16,0,0,1,14.29%,6,85.71%
2016/06/07,13:00,5,5,5,100.00%,00:01:59,00:02:37,0,0,2,40.00%,3,60.00%
2016/06/07,13:15,3,2,2,66.67%,00:03:48,00:13:41,1,0,0,0.00%,2,66.67%
2016/06/07,13:30,10,9,9,90.00%,00:01:20,00:06:30,1,0,2,20.00%,7,70.00%
2016/06/07,13:45,7,7,7,100.00%,00:01:16,00:03:12,0,0,2,28.57%,5,71.43%
2016/06/07,14:00,5,5,5,100.00%,00:01:14,00:06:47,0,0,0,0.00%,5,100.00%
2016/06/07,14:15,4,4,4,100.00%,00:01:41,00:08:46,0,0,1,25.00%,3,75.00%
2016/06/07,14:30,4,4,4,100.00%,00:00:48,00:06:12,0,0,0,0.00%,4,100.00%
2016/06/07,14:45,10,10,9,90.00%,00:02:14,00:06:06,0,0,3,30.00%,7,70.00%
2016/06/07,15:00,6,6,6,100.00%,00:02:47,00:09:07,0,0,2,33.33%,4,66.67%
2016/06/07,15:15,3,3,3,100.00%,00:04:35,00:11:20,0,0,0,0.00%,3,100.00%
2016/06/07,15:30,2,2,2,100.00%,00:00:52,00:01:46,0,0,0,0.00%,2,100.00%
2016/06/07,15:45,2,2,2,100.00%,00:02:00,00:02:31,0,0,0,0.00%,2,100.00%
2016/06/07,16:00,8,8,8,100.00%,00:01:08,00:08:17,0,0,0,0.00%,8,100.00%
2016/06/07,16:15,5,5,4,80.00%,00:00:44,00:06:46,0,0,2,40.00%,3,60.00%
2016/06/07,16:30,4,4,4,100.00%,00:01:25,00:05:51,0,0,0,0.00%,4,100.00%
2016/06/07,16:45,3,3,3,100.00%,00:04:12,00:15:05,0,0,0,0.00%,3,100.00%
2016/06/07,17:00,1,1,1,100.00%,00:06:31,00:06:31,0,0,0,0.00%,1,100.00%
2016/06/07,17:45,2,2,2,100.00%,13:24:53,13:24:53,0,0,1,50.00%,1,50.00%
2016/06/07,20:15,1,1,1,100.00%,10:54:42,10:54:42,0,0,0,0.00%,1,100.00%
2016/06/07,21:15,1,1,1,100.00%,,,0,0,0,0.00%,1,100.00%
2016/06/08,00:30,1,0,0,0.00%,,,1,0,0,0.00%,0,0.00%
2016/06/08,06:30,3,3,3,100.00%,00:23:31,00:27:46,0,0,0,0.00%,3,100.00%
2016/06/08,06:45,3,3,3,100.00%,00:15:59,00:52:10,0,0,0,0.00%,3,100.00%
2016/06/08,07:00,1,1,1,100.00%,00:03:07,00:03:07,0,0,0,0.00%,1,100.00%
2016/06/08,07:15,6,6,5,83.33%,00:00:50,00:16:50,0,0,2,33.33%,4,66.67%
2016/06/08,07:30,4,4,4,100.00%,00:03:27,00:27:33,0,0,0,0.00%,4,100.00%
2016/06/08,07:45,8,8,8,100.00%,00:01:39,00:10:14,0,0,0,0.00%,8,100.00%
2016/06/08,08:00,6,5,5,83.33%,00:01:19,00:42:14,1,0,1,16.67%,4,66.67%
2016/06/08,08:15,10,10,10,100.00%,00:00:59,00:11:33,0,0,4,40.00%,6,60.00%
2016/06/08,08:30,3,3,3,100.00%,00:03:23,00:06:07,0,0,0,0.00%,3,100.00%
2016/06/08,08:45,4,4,4,100.00%,00:03:20,00:06:19,0,0,0,0.00%,4,100.00%
2016/06/08,09:00,9,9,9,100.00%,00:03:21,00:04:34,0,0,2,22.22%,7,77.78%
2016/06/08,09:15,6,6,6,100.00%,00:02:44,00:16:28,0,0,2,33.33%,4,66.67%
2016/06/08,09:30,7,7,7,100.00%,00:00:48,00:02:07,0,0,1,14.29%,6,85.71%
2016/06/08,09:45,10,10,10,100.00%,00:01:25,00:06:59,0,0,1,10.00%,9,90.00%
2016/06/08,10:00,5,5,5,100.00%,00:01:19,00:12:08,0,0,0,0.00%,5,100.00%
2016/06/08,10:15,4,4,4,100.00%,00:01:04,00:01:37,0,0,0,0.00%,4,100.00%
2016/06/08,10:30,7,7,6,85.71%,00:05:29,00:25:45,0,0,1,14.29%,6,85.71%
2016/06/08,10:45,10,10,9,90.00%,00:01:02,00:08:04,0,0,2,20.00%,8,80.00%
2016/06/08,11:00,6,6,6,100.00%,00:01:02,00:06:19,0,0,1,16.67%,5,83.33%
2016/06/08,11:15,3,3,3,100.00%,00:08:21,00:26:53,0,0,0,0.00%,3,100.00%
2016/06/08,11:30,6,6,5,83.33%,00:03:40,00:06:47,0,0,1,16.67%,5,83.33%
2016/06/08,11:45,3,3,2,66.67%,00:08:52,00:08:52,0,0,2,66.67%,1,33.33%
2016/06/08,12:00,8,8,8,100.00%,00:04:19,00:06:16,0,0,1,12.50%,7,87.50%
2016/06/08,12:15,6,6,6,100.00%,00:01:57,00:04:03,0,0,0,0.00%,6,100.00%
2016/06/08,12:30,10,10,10,100.00%,00:01:42,00:06:51,0,0,1,10.00%,9,90.00%
2016/06/08,12:45,9,9,9,100.00%,00:00:32,00:11:59,0,0,0,0.00%,9,100.00%
2016/06/08,13:00,2,2,2,100.00%,00:04:09,00:04:09,0,0,0,0.00%,2,100.00%
2016/06/08,13:15,8,8,8,100.00%,00:01:33,00:10:27,0,0,2,25.00%,6,75.00%
2016/06/08,13:30,6,6,3,50.00%,00:01:26,00:16:32,0,0,3,50.00%,3,50.00%
2016/06/08,13:45,2,2,1,50.00%,00:22:37,00:22:37,0,0,1,50.00%,1,50.00%
2016/06/08,14:00,7,7,6,85.71%,00:02:40,00:12:36,0,0,2,28.57%,5,71.43%
2016/06/08,14:15,5,5,4,80.00%,00:02:10,00:09:42,0,0,1,20.00%,4,80.00%
2016/06/08,14:30,6,6,5,83.33%,00:02:13,00:05:43,0,0,1,16.67%,5,83.33%
2016/06/08,14:45,6,6,6,100.00%,00:01:45,00:13:12,0,0,0,0.00%,6,100.00%
2016/06/08,15:00,7,7,7,100.00%,00:03:21,00:11:06,0,0,0,0.00%,7,100.00%
2016/06/08,15:15,3,3,3,100.00%,00:01:45,00:02:32,0,0,0,0.00%,3,100.00%
2016/06/08,15:30,6,6,6,100.00%,00:07:06,00:18:40,0,0,1,16.67%,5,83.33%
2016/06/08,15:45,4,4,4,100.00%,00:00:38,00:07:18,0,0,0,0.00%,4,100.00%
2016/06/08,16:00,2,2,2,100.00%,00:08:36,00:20:40,0,0,0,0.00%,2,100.00%
2016/06/08,16:15,4,4,4,100.00%,00:01:24,00:08:01,0,0,0,0.00%,4,100.00%
2016/06/08,16:30,4,3,3,75.00%,00:00:21,00:02:35,1,0,0,0.00%,3,75.00%
2016/06/08,16:45,12,12,11,91.67%,00:00:53,00:18:56,0,0,2,16.67%,10,83.33%
2016/06/08,17:00,2,2,1,50.00%,00:07:17,00:07:17,0,0,1,50.00%,1,50.00%
2016/06/08,17:30,1,1,1,100.00%,,,0,0,1,100.00%,0,0.00%
2016/06/08,18:30,3,3,3,100.00%,13:02:26,13:04:25,0,0,0,0.00%,3,100.00%
2016/06/08,18:45,10,10,9,90.00%,12:38:18,13:02:28,0,0,3,30.00%,7,70.00%
2016/06/08,19:00,9,9,9,100.00%,12:23:51,12:40:11,0,0,1,11.11%,8,88.89%
2016/06/08,19:15,10,9,9,90.00%,11:58:08,12:35:01,1,0,2,20.00%,7,70.00%
2016/06/08,19:30,5,5,5,100.00%,11:32:34,11:43:17,0,0,0,0.00%,5,100.00%
2016/06/08,20:00,1,1,1,100.00%,11:40:56,11:40:56,0,0,0,0.00%,1,100.00%
2016/06/09,06:30,7,7,7,100.00%,00:43:18,01:20:58,0,0,1,14.29%,6,85.71%
2016/06/09,06:45,6,6,6,100.00%,00:16:24,00:48:03,0,0,2,33.33%,4,66.67%
2016/06/09,07:00,5,5,4,80.00%,00:32:02,00:43:05,0,0,1,20.00%,4,80.00%
2016/06/09,07:15,2,2,2,100.00%,00:28:53,00:28:53,0,0,0,0.00%,2,100.00%
2016/06/09,07:30,4,4,4,100.00%,00:01:32,00:04:18,0,0,1,25.00%,3,75.00%
2016/06/09,07:45,10,10,10,100.00%,00:01:55,00:23:56,0,0,1,10.00%,9,90.00%
2016/06/09,08:00,2,2,2,100.00%,,,0,0,0,0.00%,2,100.00%
2016/06/09,08:15,4,3,3,75.00%,00:05:16,00:06:06,1,0,1,25.00%,2,50.00%
2016/06/09,08:30,6,6,6,100.00%,00:01:00,00:07:22,0,0,1,16.67%,5,83.33%
2016/06/09,08:45,11,11,11,100.00%,00:01:45,00:08:53,0,0,2,18.18%,9,81.82%
2016/06/09,09:00,6,6,5,83.33%,00:01:35,00:09:50,0,0,1,16.67%,5,83.33%
2016/06/09,09:15,3,3,2,66.67%,00:05:12,00:05:12,0,0,2,66.67%,1,33.33%
2016/06/09,09:30,2,2,2,100.00%,00:08:59,00:10:05,0,0,0,0.00%,2,100.00%
2016/06/09,09:45,7,7,7,100.00%,00:01:29,00:08:18,0,0,0,0.00%,7,100.00%
2016/06/09,10:00,4,4,4,100.00%,00:01:22,00:04:59,0,0,0,0.00%,4,100.00%
2016/06/09,10:15,4,4,4,100.00%,00:01:23,00:01:23,0,0,2,50.00%,2,50.00%
2016/06/09,10:30,1,1,1,100.00%,,,0,0,0,0.00%,1,100.00%
2016/06/09,10:45,6,6,6,100.00%,00:03:13,00:04:59,0,0,1,16.67%,5,83.33%
2016/06/09,11:00,4,4,4,100.00%,00:04:08,00:04:08,0,0,2,50.00%,2,50.00%
2016/06/09,11:15,3,2,1,33.33%,00:02:33,00:02:33,1,0,1,33.33%,1,33.33%
2016/06/09,11:30,10,10,9,90.00%,00:01:21,00:09:47,0,0,2,20.00%,8,80.00%
2016/06/09,11:45,7,7,7,100.00%,00:01:03,00:04:54,0,0,1,14.29%,6,85.71%
2016/06/09,12:00,4,4,4,100.00%,00:10:11,00:10:11,0,0,1,25.00%,3,75.00%
2016/06/09,12:15,5,5,5,100.00%,00:02:45,00:32:26,0,0,0,0.00%,5,100.00%
2016/06/09,12:30,11,11,11,100.00%,00:01:34,00:04:08,0,0,1,9.09%,10,90.91%
2016/06/09,12:45,7,7,7,100.00%,00:01:36,00:05:55,0,0,1,14.29%,6,85.71%
2016/06/09,13:00,6,6,6,100.00%,00:00:50,00:03:59,0,0,1,16.67%,5,83.33%
2016/06/09,13:15,6,5,5,83.33%,00:01:13,00:02:37,1,0,0,0.00%,5,83.33%
2016/06/09,13:30,5,5,5,100.00%,00:01:38,00:05:25,0,0,1,20.00%,4,80.00%
2016/06/09,13:45,5,5,5,100.00%,00:01:55,00:15:50,0,0,0,0.00%,5,100.00%
2016/06/09,14:00,7,7,7,100.00%,00:00:51,00:06:00,0,0,0,0.00%,7,100.00%
2016/06/09,14:15,4,4,4,100.00%,00:01:45,00:04:57,0,0,1,25.00%,3,75.00%
2016/06/09,14:30,9,9,8,88.89%,00:02:00,00:05:59,0,0,1,11.11%,8,88.89%
2016/06/09,14:45,5,5,5,100.00%,00:02:58,00:03:06,0,0,0,0.00%,5,100.00%
2016/06/09,15:00,4,4,4,100.00%,00:01:36,00:06:21,0,0,0,0.00%,4,100.00%
2016/06/09,15:15,6,6,6,100.00%,00:01:05,00:07:20,0,0,1,16.67%,5,83.33%
2016/06/09,15:30,5,5,4,80.00%,00:00:47,00:00:47,0,0,1,20.00%,4,80.00%
2016/06/09,15:45,4,4,4,100.00%,00:05:04,00:22:04,0,0,0,0.00%,4,100.00%
2016/06/09,16:00,5,5,5,100.00%,00:01:43,00:04:03,0,0,1,20.00%,4,80.00%
2016/06/09,16:15,3,3,3,100.00%,,,0,0,2,66.67%,1,33.33%
2016/06/09,16:30,9,9,9,100.00%,00:00:56,00:03:24,0,0,1,11.11%,8,88.89%
2016/06/09,16:45,9,9,9,100.00%,00:01:31,00:09:32,0,0,0,0.00%,9,100.00%
2016/06/09,17:00,4,4,4,100.00%,00:03:52,00:06:53,0,0,1,25.00%,3,75.00%
2016/06/09,17:15,2,2,2,100.00%,00:27:54,08:10:35,0,0,0,0.00%,2,100.00%
2016/06/09,17:30,1,1,1,100.00%,14:27:04,14:27:04,0,0,0,0.00%,1,100.00%
2016/06/09,17:45,1,1,1,100.00%,15:33:24,15:33:24,0,0,0,0.00%,1,100.00%
2016/06/09,18:00,1,1,1,100.00%,15:28:23,15:28:23,0,0,0,0.00%,1,100.00%
2016/06/09,18:30,5,5,5,100.00%,12:40:13,13:33:16,0,0,0,0.00%,5,100.00%
2016/06/09,18:45,9,9,6,66.67%,12:31:42,12:33:38,0,0,3,33.33%,6,66.67%
2016/06/09,19:00,15,15,15,100.00%,12:04:12,12:47:08,0,0,1,6.67%,14,93.33%
2016/06/09,19:15,6,6,6,100.00%,11:48:48,11:48:48,0,0,1,16.67%,5,83.33%
2016/06/09,19:30,4,4,4,100.00%,12:26:55,12:58:08,0,0,1,25.00%,3,75.00%
2016/06/09,19:45,9,9,8,88.89%,11:18:54,11:31:44,0,0,2,22.22%,7,77.78%
2016/06/09,20:00,2,2,1,50.00%,11:01:14,11:01:14,0,0,1,50.00%,1,50.00%
2016/06/09,21:00,1,1,1,100.00%,10:02:23,10:02:23,0,0,0,0.00%,1,100.00%
2016/06/10,06:45,2,2,2,100.00%,00:22:35,00:27:56,0,0,0,0.00%,2,100.00%
2016/06/10,07:00,3,3,3,100.00%,00:01:07,00:39:21,0,0,0,0.00%,3,100.00%
2016/06/10,07:15,1,1,1,100.00%,00:07:17,00:07:17,0,0,0,0.00%,1,100.00%
2016/06/10,07:30,3,3,3,100.00%,00:05:07,00:41:05,0,0,0,0.00%,3,100.00%
2016/06/10,07:45,3,3,3,100.00%,00:02:03,00:04:05,0,0,0,0.00%,3,100.00%
2016/06/10,08:00,4,4,4,100.00%,00:01:39,00:11:04,0,0,0,0.00%,4,100.00%
2016/06/10,08:15,4,4,4,100.00%,00:04:54,00:18:25,0,0,0,0.00%,4,100.00%
2016/06/10,08:30,4,4,4,100.00%,00:03:25,00:08:57,0,0,0,0.00%,4,100.00%
2016/06/10,08:45,9,9,9,100.00%,00:02:56,00:14:06,0,0,0,0.00%,9,100.00%
2016/06/10,09:00,3,3,3,100.00%,00:02:26,00:04:59,0,0,1,33.33%,2,66.67%
2016/06/10,09:15,1,1,1,100.00%,00:03:30,00:03:30,0,0,0,0.00%,1,100.00%
2016/06/10,09:30,4,4,4,100.00%,00:01:56,00:10:38,0,0,0,0.00%,4,100.00%
2016/06/10,09:45,6,6,6,100.00%,00:01:56,00:07:05,0,0,1,16.67%,5,83.33%
2016/06/10,10:00,7,7,7,100.00%,00:02:55,00:13:40,0,0,0,0.00%,7,100.00%
2016/06/10,10:15,4,4,3,75.00%,00:02:21,00:03:46,0,0,1,25.00%,3,75.00%
2016/06/10,10:30,8,8,7,87.50%,00:01:23,00:16:23,0,0,1,12.50%,7,87.50%
2016/06/10,10:45,2,1,1,50.00%,00:38:40,00:38:40,1,0,0,0.00%,1,50.00%
2016/06/10,11:00,1,1,1,100.00%,,,0,0,0,0.00%,1,100.00%
2016/06/10,11:15,2,2,2,100.00%,00:03:55,00:07:58,0,0,0,0.00%,2,100.00%
2016/06/10,11:30,5,5,5,100.00%,00:01:47,00:03:18,0,0,0,0.00%,5,100.00%
2016/06/10,11:45,4,4,4,100.00%,00:06:23,00:09:47,0,0,0,0.00%,4,100.00%
2016/06/10,12:00,6,6,5,83.33%,00:02:12,00:08:31,0,0,2,33.33%,4,66.67%
2016/06/10,12:15,10,10,9,90.00%,00:01:02,00:10:20,0,0,4,40.00%,6,60.00%
2016/06/10,12:30,5,5,3,60.00%,01:09:09,01:09:09,0,0,3,60.00%,2,40.00%
2016/06/10,12:45,8,8,8,100.00%,00:01:04,00:04:18,0,0,2,25.00%,6,75.00%
2016/06/10,13:00,10,9,7,70.00%,00:02:02,00:08:44,1,0,3,30.00%,6,60.00%
2016/06/10,13:15,8,7,7,87.50%,00:02:08,00:06:14,1,0,1,12.50%,6,75.00%
2016/06/10,13:30,5,5,5,100.00%,00:05:00,00:06:51,0,0,2,40.00%,3,60.00%
2016/06/10,13:45,3,3,3,100.00%,00:05:36,00:09:08,0,0,0,0.00%,3,100.00%
2016/06/10,14:00,5,5,5,100.00%,00:08:18,00:11:17,0,0,1,20.00%,4,80.00%
2016/06/10,14:15,5,5,4,80.00%,00:02:41,00:03:02,0,0,2,40.00%,3,60.00%
2016/06/10,14:30,2,2,2,100.00%,00:01:05,00:06:35,0,0,0,0.00%,2,100.00%
2016/06/10,14:45,13,13,12,92.31%,00:01:39,00:05:16,0,0,4,30.77%,9,69.23%
2016/06/10,15:00,10,10,10,100.00%,00:01:06,00:06:14,0,0,0,0.00%,10,100.00%
2016/06/10,15:15,5,5,5,100.00%,00:00:44,00:05:05,0,0,0,0.00%,5,100.00%
2016/06/10,15:30,6,6,6,100.00%,00:00:56,00:03:10,0,0,2,33.33%,4,66.67%
2016/06/10,15:45,3,3,3,100.00%,00:01:06,00:01:57,0,0,0,0.00%,3,100.00%
2016/06/10,16:00,5,5,4,80.00%,00:00:40,00:01:40,0,0,1,20.00%,4,80.00%
2016/06/10,16:15,1,1,1,100.00%,,,0,0,1,100.00%,0,0.00%
2016/06/10,18:00,1,1,1,100.00%,12:58:25,12:58:25,0,0,0,0.00%,1,100.00%
2016/06/10,19:45,1,1,1,100.00%,13:17:08,13:17:08,0,0,0,0.00%,1,100.00%
2016/06/10,21:15,1,1,1,100.00%,10:04:38,10:04:38,0,0,0,0.00%,1,100.00%
2016/06/11,06:45,1,1,1,100.00%,00:06:50,00:06:50,0,0,0,0.00%,1,100.00%
2016/06/11,07:00,2,2,2,100.00%,00:01:25,00:03:42,0,0,0,0.00%,2,100.00%
2016/06/11,07:15,4,4,4,100.00%,00:02:32,00:55:06,0,0,2,50.00%,2,50.00%
2016/06/11,07:30,4,4,4,100.00%,00:01:33,00:28:01,0,0,0,0.00%,4,100.00%
2016/06/11,07:45,4,4,4,100.00%,00:02:45,00:08:19,0,0,0,0.00%,4,100.00%
2016/06/11,08:00,1,1,1,100.00%,00:02:20,00:02:20,0,0,0,0.00%,1,100.00%
2016/06/11,08:15,2,2,2,100.00%,00:01:57,00:01:57,0,0,1,50.00%,1,50.00%
2016/06/11,08:30,4,4,3,75.00%,00:04:53,00:10:54,0,0,1,25.00%,3,75.00%
2016/06/11,08:45,3,3,3,100.00%,00:05:03,00:05:09,0,0,0,0.00%,3,100.00%
2016/06/11,09:00,4,4,4,100.00%,00:02:29,00:16:36,0,0,0,0.00%,4,100.00%
2016/06/11,09:15,8,8,7,87.50%,00:01:20,00:05:47,0,0,2,25.00%,6,75.00%
2016/06/11,09:30,3,3,3,100.00%,00:11:04,00:40:28,0,0,0,0.00%,3,100.00%
2016/06/11,09:45,3,3,2,66.67%,00:03:02,00:03:02,0,0,1,33.33%,2,66.67%
2016/06/11,10:00,6,5,5,83.33%,00:02:13,00:08:27,1,0,0,0.00%,5,83.33%
2016/06/11,10:15,8,7,7,87.50%,00:05:47,00:18:18,1,0,3,37.50%,4,50.00%
2016/06/11,10:30,5,5,5,100.00%,00:03:18,00:10:21,0,0,1,20.00%,4,80.00%
2016/06/11,11:00,3,3,3,100.00%,00:27:40,00:29:05,0,0,0,0.00%,3,100.00%
2016/06/11,11:15,9,9,8,88.89%,00:06:27,00:18:04,0,0,2,22.22%,7,77.78%
2016/06/11,11:30,2,2,2,100.00%,00:03:00,00:03:00,0,0,0,0.00%,2,100.00%
2016/06/11,11:45,7,7,7,100.00%,00:01:17,00:13:40,0,0,0,0.00%,7,100.00%
2016/06/11,12:00,9,9,8,88.89%,00:02:55,00:11:10,0,0,3,33.33%,6,66.67%
2016/06/11,12:15,2,2,2,100.00%,00:02:14,00:03:29,0,0,0,0.00%,2,100.00%
2016/06/11,12:30,7,7,7,100.00%,00:00:43,00:02:50,0,0,0,0.00%,7,100.00%
2016/06/11,12:45,11,11,11,100.00%,00:05:19,00:07:08,0,0,0,0.00%,11,100.00%
2016/06/11,13:00,4,4,4,100.00%,00:00:22,00:02:13,0,0,0,0.00%,4,100.00%
2016/06/11,13:15,2,2,2,100.00%,00:00:57,00:03:55,0,0,0,0.00%,2,100.00%
2016/06/11,13:30,8,8,8,100.00%,00:02:37,00:13:37,0,0,1,12.50%,7,87.50%
2016/06/11,13:45,10,10,8,80.00%,00:00:51,00:03:44,0,0,4,40.00%,6,60.00%
2016/06/11,14:00,9,9,8,88.89%,00:01:11,00:02:16,0,0,3,33.33%,6,66.67%
2016/06/11,14:15,13,13,13,100.00%,00:01:28,00:10:54,0,0,1,7.69%,12,92.31%
2016/06/11,14:30,6,6,6,100.00%,00:01:02,00:03:16,0,0,0,0.00%,6,100.00%
2016/06/11,14:45,11,11,11,100.00%,00:01:44,00:12:31,0,0,2,18.18%,9,81.82%
2016/06/11,15:00,13,13,13,100.00%,00:02:18,00:12:45,0,0,2,15.38%,11,84.62%
2016/06/12,08:00,6,6,5,83.33%,00:03:58,00:28:46,0,0,2,33.33%,4,66.67%
2016/06/12,08:15,10,10,10,100.00%,00:03:20,00:18:30,0,0,3,30.00%,7,70.00%
2016/06/12,08:45,5,5,4,80.00%,00:03:03,00:03:53,0,0,1,20.00%,4,80.00%
2016/06/12,09:00,1,1,1,100.00%,00:32:25,00:32:25,0,0,0,0.00%,1,100.00%
2016/06/12,09:15,10,10,9,90.00%,00:16:57,00:22:31,0,0,1,10.00%,9,90.00%
2016/06/12,09:30,2,2,2,100.00%,00:05:32,00:05:32,0,0,0,0.00%,2,100.00%
2016/06/12,09:45,2,2,2,100.00%,00:13:21,00:13:21,0,0,1,50.00%,1,50.00%
2016/06/12,10:00,1,1,1,100.00%,00:03:57,00:03:57,0,0,0,0.00%,1,100.00%
2016/06/12,10:15,4,4,4,100.00%,00:09:27,00:10:52,0,0,0,0.00%,4,100.00%
2016/06/12,10:30,9,9,8,88.89%,00:10:27,00:27:48,0,0,1,11.11%,8,88.89%
2016/06/12,10:45,2,2,2,100.00%,00:06:56,00:17:00,0,0,0,0.00%,2,100.00%
2016/06/12,11:15,7,7,7,100.00%,00:01:29,00:31:57,0,0,1,14.29%,6,85.71%
2016/06/12,11:30,8,8,8,100.00%,00:05:09,00:27:41,0,0,1,12.50%,7,87.50%
2016/06/12,11:45,2,2,1,50.00%,00:02:19,00:02:19,0,0,1,50.00%,1,50.00%
2016/06/12,12:00,2,2,2,100.00%,00:01:54,00:04:11,0,0,0,0.00%,2,100.00%
2016/06/12,12:15,6,6,6,100.00%,00:03:09,00:05:39,0,0,1,16.67%,5,83.33%
2016/06/12,12:30,7,7,6,85.71%,00:03:12,00:04:47,0,0,1,14.29%,6,85.71%
2016/06/12,12:45,3,3,3,100.00%,00:01:28,00:01:40,0,0,0,0.00%,3,100.00%
2016/06/12,13:00,10,10,10,100.00%,00:01:59,00:11:46,0,0,0,0.00%,10,100.00%
2016/06/12,13:15,8,8,8,100.00%,00:01:30,00:02:40,0,0,3,37.50%,5,62.50%
2016/06/12,13:30,10,10,10,100.00%,00:01:44,00:11:05,0,0,0,0.00%,10,100.00%
2016/06/12,13:45,5,5,5,100.00%,00:11:06,00:29:24,0,0,1,20.00%,4,80.00%
2016/06/12,14:00,5,5,5,100.00%,00:00:56,00:11:54,0,0,0,0.00%,5,100.00%
2016/06/12,14:15,5,5,5,100.00%,00:04:29,00:07:30,0,0,0,0.00%,5,100.00%
2016/06/12,14:30,3,3,2,66.67%,00:01:49,00:01:49,0,0,2,66.67%,1,33.33%
2016/06/12,14:45,12,12,12,100.00%,00:01:07,00:04:43,0,0,1,8.33%,11,91.67%
2016/06/12,15:00,5,5,5,100.00%,00:01:17,00:10:06,0,0,0,0.00%,5,100.00%
2016/06/12,15:15,11,11,11,100.00%,00:01:13,00:08:13,0,0,3,27.27%,8,72.73%
2016/06/12,15:30,4,4,4,100.00%,00:04:43,00:15:54,0,0,0,0.00%,4,100.00%
2016/06/12,15:45,9,9,8,88.89%,00:00:36,00:09:54,0,0,1,11.11%,8,88.89%
2016/06/12,16:00,2,2,2,100.00%,00:08:32,00:08:32,0,0,0,0.00%,2,100.00%
2016/06/12,18:30,2,2,2,100.00%,13:43:19,13:43:19,0,0,0,0.00%,2,100.00%
2016/06/13,07:30,1,1,1,100.00%,,,0,0,0,0.00%,1,100.00%
2016/06/13,07:45,4,4,4,100.00%,00:08:18,00:20:32,0,0,0,0.00%,4,100.00%
2016/06/13,08:00,4,4,4,100.00%,00:01:21,00:06:45,0,0,0,0.00%,4,100.00%
2016/06/13,08:15,6,6,6,100.00%,00:00:25,00:01:55,0,0,0,0.00%,6,100.00%
2016/06/13,08:30,10,9,9,90.00%,00:00:42,00:09:16,1,0,0,0.00%,9,90.00%
2016/06/13,08:45,5,5,4,80.00%,00:03:15,00:10:39,0,0,1,20.00%,4,80.00%
2016/06/13,09:00,6,6,6,100.00%,00:01:35,00:11:35,0,0,2,33.33%,4,66.67%
2016/06/13,09:15,4,4,4,100.00%,00:02:47,00:08:14,0,0,1,25.00%,3,75.00%
2016/06/13,09:30,10,10,10,100.00%,00:01:22,00:10:04,0,0,2,20.00%,8,80.00%
2016/06/13,09:45,8,8,8,100.00%,00:02:00,00:07:33,0,0,0,0.00%,8,100.00%
2016/06/13,10:00,5,5,5,100.00%,00:09:16,00:09:47,0,0,1,20.00%,4,80.00%
2016/06/13,10:15,8,8,8,100.00%,00:02:36,00:17:20,0,0,0,0.00%,8,100.00%
2016/06/13,10:30,11,11,10,90.91%,00:01:30,00:22:27,0,0,2,18.18%,9,81.82%
2016/06/13,10:45,11,11,10,90.91%,00:02:06,00:10:25,0,0,3,27.27%,8,72.73%
2016/06/13,11:00,15,15,14,93.33%,00:01:29,00:07:06,0,0,4,26.67%,11,73.33%
2016/06/13,11:15,12,12,11,91.67%,00:03:29,00:15:18,0,0,3,25.00%,9,75.00%
2016/06/13,11:30,12,12,12,100.00%,00:01:40,00:10:34,0,0,2,16.67%,10,83.33%
2016/06/13,11:45,5,5,5,100.00%,00:06:39,00:08:35,0,0,2,40.00%,3,60.00%
2016/06/13,12:00,9,9,9,100.00%,00:01:22,00:14:08,0,0,1,11.11%,8,88.89%
2016/06/13,12:15,8,8,8,100.00%,00:01:46,00:05:35,0,0,1,12.50%,7,87.50%
2016/06/13,12:30,8,8,7,87.50%,00:02:16,00:08:59,0,0,2,25.00%,6,75.00%
2016/06/13,12:45,10,10,10,100.00%,00:01:20,00:08:05,0,0,1,10.00%,9,90.00%
2016/06/13,13:00,7,7,6,85.71%,00:01:27,00:08:05,0,1,3,42.86%,3,42.86%
2016/06/13,13:15,7,7,6,85.71%,00:02:45,00:05:52,0,0,1,14.29%,6,85.71%
2016/06/13,13:30,8,8,7,87.50%,00:01:09,00:06:14,0,0,1,12.50%,7,87.50%
2016/06/13,13:45,10,10,10,100.00%,00:01:10,00:06:51,0,0,1,10.00%,9,90.00%
2016/06/13,14:00,14,14,14,100.00%,00:01:36,00:09:52,0,0,4,28.57%,10,71.43%
2016/06/13,14:15,8,8,8,100.00%,00:01:54,00:11:34,0,0,1,12.50%,7,87.50%
2016/06/13,14:30,13,13,12,92.31%,00:01:28,00:04:14,0,0,4,30.77%,9,69.23%
2016/06/13,14:45,12,11,10,83.33%,00:01:25,00:03:43,1,0,1,8.33%,10,83.33%
2016/06/13,15:00,12,12,11,91.67%,00:00:59,00:11:43,0,0,3,25.00%,9,75.00%
2016/06/13,15:15,9,9,9,100.00%,00:02:35,00:16:38,0,0,1,11.11%,8,88.89%
2016/06/13,15:30,5,5,4,80.00%,00:03:41,00:04:47,0,0,2,40.00%,3,60.00%
2016/06/13,15:45,2,2,1,50.00%,00:07:49,00:07:49,0,0,1,50.00%,1,50.00%
2016/06/13,16:00,12,12,11,91.67%,00:01:54,00:12:43,0,0,1,8.33%,11,91.67%
2016/06/13,16:15,8,8,8,100.00%,00:04:31,00:08:01,0,0,2,25.00%,6,75.00%
2016/06/13,16:30,3,3,3,100.00%,00:03:59,00:03:59,0,0,0,0.00%,3,100.00%
2016/06/13,16:45,10,10,10,100.00%,00:00:55,00:04:08,0,0,2,20.00%,8,80.00%
2016/06/13,17:00,6,6,6,100.00%,00:15:41,00:27:13,0,0,1,16.67%,5,83.33%
2016/06/13,17:15,1,1,0,0.00%,,,0,0,1,100.00%,0,0.00%
2016/06/13,19:30,3,3,3,100.00%,12:09:38,12:09:38,0,0,2,66.67%,1,33.33%
2016/06/13,19:45,8,8,7,87.50%,11:28:10,12:23:03,0,0,2,25.00%,6,75.00%
2016/06/13,20:00,4,4,4,100.00%,11:23:55,12:13:29,0,0,1,25.00%,3,75.00%
2016/06/14,06:30,2,1,1,50.00%,01:10:07,01:10:07,1,0,0,0.00%,1,50.00%
2016/06/14,06:45,9,9,7,77.78%,00:03:24,00:36:21,0,0,3,33.33%,6,66.67%
2016/06/14,07:00,7,7,6,85.71%,00:09:33,00:35:07,0,0,2,28.57%,5,71.43%
2016/06/14,07:15,7,7,7,100.00%,00:01:05,00:08:38,0,0,2,28.57%,5,71.43%
2016/06/14,07:30,10,10,10,100.00%,00:02:57,00:14:14,0,0,2,20.00%,8,80.00%
2016/06/14,07:45,7,7,6,85.71%,00:01:49,00:27:39,0,0,1,14.29%,6,85.71%
2016/06/14,08:00,6,6,5,83.33%,00:00:48,00:05:27,0,0,1,16.67%,5,83.33%
2016/06/14,08:15,3,3,2,66.67%,00:34:53,00:35:26,0,0,1,33.33%,2,66.67%
2016/06/14,08:30,5,5,5,100.00%,00:12:22,00:17:29,0,0,3,60.00%,2,40.00%
2016/06/14,08:45,1,0,0,0.00%,,,1,0,0,0.00%,0,0.00%
2016/06/14,09:00,8,8,8,100.00%,00:01:14,00:06:11,0,0,1,12.50%,7,87.50%
2016/06/14,09:15,20,20,19,95.00%,00:01:28,00:07:00,0,0,5,25.00%,15,75.00%
2016/06/14,09:30,2,2,2,100.00%,00:01:07,00:03:17,0,0,0,0.00%,2,100.00%
2016/06/14,09:45,11,11,11,100.00%,00:00:35,00:08:53,0,0,1,9.09%,10,90.91%
2016/06/14,10:00,7,7,7,100.00%,00:01:20,00:13:03,0,0,1,14.29%,6,85.71%
2016/06/14,10:15,10,10,10,100.00%,00:00:54,00:05:25,0,0,1,10.00%,9,90.00%
2016/06/14,10:30,14,14,14,100.00%,00:01:55,00:10:59,0,0,2,14.29%,12,85.71%
2016/06/14,10:45,7,7,7,100.00%,00:00:48,00:08:02,0,0,0,0.00%,7,100.00%
2016/06/14,11:00,10,10,9,90.00%,00:00:43,00:03:41,0,0,1,10.00%,9,90.00%
2016/06/14,11:15,8,8,8,100.00%,00:00:36,00:12:20,0,0,0,0.00%,8,100.00%
2016/06/14,11:30,10,10,9,90.00%,00:01:19,00:04:23,0,0,1,10.00%,9,90.00%
2016/06/14,11:45,12,12,11,91.67%,00:00:21,00:05:24,0,0,2,16.67%,10,83.33%
2016/06/14,12:00,10,10,7,70.00%,00:01:15,00:01:58,0,0,4,40.00%,6,60.00%
2016/06/14,12:15,9,9,9,100.00%,00:01:16,00:07:08,0,0,2,22.22%,7,77.78%
2016/06/14,12:30,10,10,9,90.00%,00:01:43,00:04:50,0,0,4,40.00%,6,60.00%
2016/06/14,12:45,7,7,5,71.43%,00:01:50,00:03:16,0,0,2,28.57%,5,71.43%
2016/06/14,13:00,13,13,11,84.62%,00:01:01,00:07:26,0,0,3,23.08%,10,76.92%
2016/06/14,13:15,8,8,8,100.00%,00:01:31,00:07:35,0,0,0,0.00%,8,100.00%
2016/06/14,13:30,22,22,20,90.91%,00:01:15,00:05:15,0,0,4,18.18%,18,81.82%
2016/06/14,13:45,15,15,14,93.33%,00:01:45,00:06:59,0,0,2,13.33%,13,86.67%
2016/06/14,14:00,6,6,5,83.33%,00:01:40,00:28:42,0,0,2,33.33%,4,66.67%
2016/06/14,14:15,6,6,6,100.00%,00:02:38,00:16:20,0,0,3,50.00%,3,50.00%
2016/06/14,14:30,13,13,13,100.00%,00:01:14,00:13:53,0,0,1,7.69%,12,92.31%
2016/06/14,14:45,6,6,5,83.33%,00:01:08,00:08:12,0,0,3,50.00%,3,50.00%
2016/06/14,15:00,2,2,1,50.00%,,,0,0,2,100.00%,0,0.00%
2016/06/14,15:15,5,5,4,80.00%,00:01:06,00:03:05,0,0,1,20.00%,4,80.00%
2016/06/14,15:30,3,3,3,100.00%,00:01:50,00:07:47,0,0,1,33.33%,2,66.67%
2016/06/14,15:45,2,2,2,100.00%,00:39:14,00:39:14,0,0,1,50.00%,1,50.00%
2016/06/14,16:00,4,4,4,100.00%,00:02:15,00:04:41,0,0,1,25.00%,3,75.00%
2016/06/14,16:15,4,4,4,100.00%,00:01:26,00:11:02,0,0,1,25.00%,3,75.00%
2016/06/14,16:30,4,3,3,75.00%,00:01:49,00:02:37,1,0,0,0.00%,3,75.00%
2016/06/14,16:45,9,9,9,100.00%,00:01:58,00:20:06,0,0,0,0.00%,9,100.00%
2016/06/14,17:00,4,4,4,100.00%,00:13:00,00:13:01,0,0,1,25.00%,3,75.00%
2016/06/14,17:30,2,2,2,100.00%,00:03:34,00:03:39,0,0,0,0.00%,2,100.00%
2016/06/14,17:45,2,2,2,100.00%,00:02:49,00:02:49,0,0,0,0.00%,2,100.00%
2016/06/14,18:00,1,1,1,100.00%,13:45:14,13:45:14,0,0,0,0.00%,1,100.00%
2016/06/14,18:15,1,1,1,100.00%,,,0,0,0,0.00%,1,100.00%
2016/06/14,18:30,2,2,2,100.00%,,,0,0,0,0.00%,2,100.00%
2016/06/14,19:30,1,1,1,100.00%,,,0,0,0,0.00%,1,100.00%
2016/06/14,21:45,1,1,1,100.00%,11:05:53,11:05:53,0,0,0,0.00%,1,100.00%
2016/06/14,22:30,1,1,1,100.00%,09:22:27,09:22:27,0,0,0,0.00%,1,100.00%
2016/06/15,00:15,1,0,0,0.00%,,,1,0,0,0.00%,0,0.00%
2016/06/15,05:45,1,1,1,100.00%,,,0,0,0,0.00%,1,100.00%
2016/06/15,07:00,5,5,5,100.00%,00:34:44,01:01:53,0,0,0,0.00%,5,100.00%
2016/06/15,07:15,2,2,2,100.00%,00:28:57,00:28:57,0,0,0,0.00%,2,100.00%
2016/06/15,07:30,1,1,1,100.00%,00:15:57,00:15:57,0,0,0,0.00%,1,100.00%
2016/06/15,07:45,1,1,1,100.00%,,,0,0,0,0.00%,1,100.00%
2016/06/15,08:00,2,1,1,50.00%,00:18:42,00:18:42,1,0,0,0.00%,1,50.00%
2016/06/15,08:30,6,6,5,83.33%,00:02:14,00:18:01,0,0,2,33.33%,4,66.67%
2016/06/15,08:45,6,6,6,100.00%,00:01:31,00:05:43,0,0,3,50.00%,3,50.00%
2016/06/15,09:00,4,4,4,100.00%,00:04:02,00:08:48,0,0,0,0.00%,4,100.00%
2016/06/15,09:15,6,6,5,83.33%,00:00:53,00:05:48,0,0,2,33.33%,4,66.67%
2016/06/15,09:30,7,7,7,100.00%,00:02:26,00:13:44,0,0,0,0.00%,7,100.00%
2016/06/15,09:45,9,9,9,100.00%,00:00:45,00:25:18,0,0,2,22.22%,7,77.78%
2016/06/15,10:45,4,4,4,100.00%,00:01:09,00:02:43,0,0,1,25.00%,3,75.00%
2016/06/15,11:00,7,7,7,100.00%,00:04:47,00:14:56,0,0,2,28.57%,5,71.43%
2016/06/15,11:15,5,5,4,80.00%,00:01:03,00:05:55,0,0,1,20.00%,4,80.00%
2016/06/15,11:30,3,3,3,100.00%,00:01:55,00:03:09,0,0,0,0.00%,3,100.00%
2016/06/15,11:45,7,7,7,100.00%,00:03:03,00:11:56,0,0,1,14.29%,6,85.71%
2016/06/15,12:00,8,8,7,87.50%,00:02:35,00:06:20,0,0,3,37.50%,5,62.50%
2016/06/15,12:15,5,5,5,100.00%,00:01:23,00:04:48,0,0,1,20.00%,4,80.00%
2016/06/15,12:30,3,3,3,100.00%,00:04:48,00:05:21,0,0,1,33.33%,2,66.67%
2016/06/15,12:45,9,9,9,100.00%,00:00:22,00:06:45,0,0,1,11.11%,8,88.89%
2016/06/15,13:00,3,2,2,66.67%,00:02:29,00:02:29,1,0,1,33.33%,1,33.33%
2016/06/15,13:15,8,8,7,87.50%,00:01:31,00:07:29,0,0,3,37.50%,5,62.50%
2016/06/15,13:30,7,7,7,100.00%,00:01:09,00:03:55,0,0,0,0.00%,7,100.00%
2016/06/15,13:45,11,11,9,81.82%,00:02:42,00:12:55,0,0,3,27.27%,8,72.73%
2016/06/15,14:00,5,5,5,100.00%,00:02:33,00:19:07,0,0,0,0.00%,5,100.00%
2016/06/15,14:15,6,6,5,83.33%,00:01:57,00:03:29,0,0,4,66.67%,2,33.33%
2016/06/15,14:30,11,11,11,100.00%,00:00:36,00:05:50,0,0,1,9.09%,10,90.91%
2016/06/15,14:45,10,10,10,100.00%,00:01:05,00:10:41,0,0,2,20.00%,8,80.00%
2016/06/15,15:00,6,6,6,100.00%,00:05:47,00:18:09,0,0,1,16.67%,5,83.33%
2016/06/15,15:15,3,3,3,100.00%,00:03:28,00:03:28,0,0,0,0.00%,3,100.00%
2016/06/15,15:30,5,5,4,80.00%,00:01:14,00:09:04,0,0,1,20.00%,4,80.00%
2016/06/15,15:45,6,6,5,83.33%,00:03:25,00:14:59,0,0,1,16.67%,5,83.33%
2016/06/15,16:00,3,3,3,100.00%,00:01:47,00:01:47,0,0,1,33.33%,2,66.67%
2016/06/15,16:15,2,2,2,100.00%,00:28:48,00:28:48,0,0,0,0.00%,2,100.00%
2016/06/15,16:30,1,1,0,0.00%,,,0,0,1,100.00%,0,0.00%
2016/06/15,17:30,1,0,0,0.00%,,,1,0,0,0.00%,0,0.00%
2016/06/15,18:00,1,1,1,100.00%,12:47:22,12:47:22,0,0,0,0.00%,1,100.00%
2016/06/15,18:15,1,1,1,100.00%,,,0,0,0,0.00%,1,100.00%
2016/06/15,18:30,1,0,0,0.00%,,,1,0,0,0.00%,0,0.00%
2016/06/15,19:00,1,1,1,100.00%,,,0,0,0,0.00%,1,100.00%
2016/06/15,19:15,2,2,2,100.00%,11:34:53,11:34:53,0,0,0,0.00%,2,100.00%
2016/06/15,19:45,1,1,1,100.00%,11:09:34,11:09:34,0,0,0,0.00%,1,100.00%
2016/06/16,07:30,1,1,1,100.00%,,,0,0,0,0.00%,1,100.00%
2016/06/16,09:45,6,6,5,83.33%,00:00:55,00:01:40,0,0,3,50.00%,3,50.00%
2016/06/16,10:00,3,3,2,66.67%,00:01:23,00:01:23,0,0,2,66.67%,1,33.33%
2016/06/16,10:15,3,3,3,100.00%,00:02:31,00:02:31,0,0,1,33.33%,2,66.67%
2016/06/16,10:30,5,5,4,80.00%,00:02:03,00:02:57,0,0,1,20.00%,4,80.00%
2016/06/16,10:45,2,2,2,100.00%,,,0,0,1,50.00%,1,50.00%
2016/06/16,11:00,1,1,1,100.00%,00:01:18,00:01:18,0,0,0,0.00%,1,100.00%
2016/06/16,11:15,4,4,4,100.00%,00:01:57,00:03:04,0,0,2,50.00%,2,50.00%
2016/06/16,11:30,7,7,7,100.00%,00:01:28,00:10:40,0,0,1,14.29%,6,85.71%
2016/06/16,11:45,8,8,8,100.00%,00:04:50,00:15:05,0,0,3,37.50%,5,62.50%
2016/06/16,12:00,5,5,5,100.00%,00:03:39,00:14:39,0,0,2,40.00%,3,60.00%
2016/06/16,12:15,4,3,2,50.00%,00:01:52,00:05:23,1,0,1,25.00%,2,50.00%
2016/06/16,12:30,5,5,4,80.00%,00:05:52,00:09:48,0,0,1,20.00%,4,80.00%
2016/06/16,12:45,3,3,3,100.00%,00:03:42,00:09:16,0,0,1,33.33%,2,66.67%
2016/06/16,13:00,7,7,7,100.00%,00:02:06,00:12:53,0,0,0,0.00%,7,100.00%
2016/06/16,13:15,8,7,5,62.50%,00:01:29,00:06:38,1,0,2,25.00%,5,62.50%
2016/06/16,13:30,9,9,7,77.78%,00:01:09,00:02:38,0,0,3,33.33%,6,66.67%
2016/06/16,13:45,7,7,6,85.71%,00:01:25,00:05:22,0,0,1,14.29%,6,85.71%
2016/06/16,14:00,6,6,6,100.00%,00:01:12,00:01:45,0,0,3,50.00%,3,50.00%
2016/06/16,14:15,8,8,8,100.00%,00:00:48,00:13:50,0,0,0,0.00%,8,100.00%
2016/06/16,14:30,10,10,9,90.00%,00:01:00,00:05:40,0,0,1,10.00%,9,90.00%
2016/06/16,14:45,2,2,2,100.00%,00:01:07,00:01:32,0,0,0,0.00%,2,100.00%
2016/06/16,15:00,3,3,3,100.00%,00:01:00,00:02:16,0,0,1,33.33%,2,66.67%
2016/06/16,15:15,3,3,3,100.00%,00:05:20,00:12:12,0,0,0,0.00%,3,100.00%
2016/06/16,15:30,11,11,10,90.91%,00:02:03,00:08:34,0,0,4,36.36%,7,63.64%
2016/06/16,15:45,13,13,13,100.00%,00:02:22,00:15:13,0,0,2,15.38%,11,84.62%
2016/06/16,16:00,2,2,2,100.00%,00:03:09,00:26:19,0,0,0,0.00%,2,100.00%
2016/06/16,16:15,1,1,1,100.00%,00:34:04,00:34:04,0,0,0,0.00%,1,100.00%
2016/06/16,16:30,4,4,4,100.00%,00:01:37,00:21:45,0,0,0,0.00%,4,100.00%
2016/06/16,16:45,3,3,3,100.00%,00:01:42,00:09:13,0,0,0,0.00%,3,100.00%
2016/06/16,17:00,2,2,2,100.00%,00:04:33,00:06:12,0,0,0,0.00%,2,100.00%
2016/06/16,19:15,1,0,0,0.00%,,,1,0,0,0.00%,0,0.00%
2016/06/16,20:15,1,1,1,100.00%,12:56:51,12:56:51,0,0,0,0.00%,1,100.00%
2016/06/17,07:45,1,1,1,100.00%,00:02:11,00:02:11,0,0,0,0.00%,1,100.00%
2016/06/17,08:00,2,2,2,100.00%,00:11:37,00:17:21,0,0,0,0.00%,2,100.00%
2016/06/17,08:30,3,3,3,100.00%,00:01:44,00:13:25,0,0,1,33.33%,2,66.67%
2016/06/17,08:45,3,3,3,100.00%,00:09:42,00:11:03,0,0,0,0.00%,3,100.00%
2016/06/17,09:00,1,1,1,100.00%,,,0,0,1,100.00%,0,0.00%
2016/06/17,09:15,2,2,2,100.00%,00:02:49,00:02:49,0,0,0,0.00%,2,100.00%
2016/06/17,09:30,5,5,5,100.00%,00:01:58,00:03:37,0,0,1,20.00%,4,80.00%
2016/06/17,09:45,2,2,2,100.00%,00:29:07,00:38:36,0,0,0,0.00%,2,100.00%
2016/06/17,10:15,4,4,4,100.00%,00:01:54,00:07:15,0,0,1,25.00%,3,75.00%
2016/06/17,10:30,1,1,1,100.00%,,,0,0,0,0.00%,1,100.00%
2016/06/17,10:45,4,4,4,100.00%,00:01:18,00:03:48,0,0,0,0.00%,4,100.00%
2016/06/17,11:00,9,9,9,100.00%,00:01:33,00:17:06,0,0,0,0.00%,9,100.00%
2016/06/17,11:15,3,3,3,100.00%,00:01:53,00:01:53,0,0,1,33.33%,2,66.67%
2016/06/17,11:30,5,5,5,100.00%,00:01:30,00:05:13,0,0,0,0.00%,5,100.00%
2016/06/17,11:45,8,8,8,100.00%,00:00:39,00:17:49,0,0,1,12.50%,7,87.50%
2016/06/17,12:00,6,6,6,100.00%,01:14:49,01:42:21,0,0,3,50.00%,3,50.00%
2016/06/17,12:15,12,12,12,100.00%,00:24:14,01:00:49,0,0,3,25.00%,9,75.00%
2016/06/17,12:30,10,10,10,100.00%,00:02:48,00:18:30,0,0,0,0.00%,10,100.00%
2016/06/17,12:45,10,10,10,100.00%,00:01:27,00:20:57,0,0,1,10.00%,9,90.00%
2016/06/17,13:00,6,6,6,100.00%,00:03:03,00:12:18,0,0,0,0.00%,6,100.00%
2016/06/17,13:15,6,6,6,100.00%,00:06:00,00:37:52,0,0,0,0.00%,6,100.00%
2016/06/17,13:30,8,8,8,100.00%,00:03:07,00:35:11,0,0,1,12.50%,7,87.50%
2016/06/17,13:45,7,7,7,100.00%,00:01:39,00:02:55,0,0,1,14.29%,6,85.71%
2016/06/17,14:00,1,1,1,100.00%,00:02:30,00:02:30,0,0,0,0.00%,1,100.00%
2016/06/17,14:15,7,7,7,100.00%,00:00:54,00:09:40,0,0,1,14.29%,6,85.71%
2016/06/17,14:30,5,4,4,80.00%,00:00:39,00:01:39,1,0,1,20.00%,3,60.00%
2016/06/17,14:45,8,8,8,100.00%,00:03:52,00:11:38,0,0,2,25.00%,6,75.00%
2016/06/17,15:00,6,6,6,100.00%,00:07:58,00:18:11,0,0,2,33.33%,4,66.67%
2016/06/17,15:15,2,2,2,100.00%,00:00:59,00:04:36,0,0,0,0.00%,2,100.00%
2016/06/17,15:30,2,2,2,100.00%,00:02:05,00:02:05,0,0,0,0.00%,2,100.00%
2016/06/17,15:45,2,2,2,100.00%,00:03:31,00:03:31,0,0,0,0.00%,2,100.00%
2016/06/17,16:00,2,2,2,100.00%,00:09:12,00:09:12,0,0,1,50.00%,1,50.00%
2016/06/17,16:15,5,5,5,100.00%,00:02:48,00:10:32,0,0,1,20.00%,4,80.00%
2016/06/17,16:45,1,1,1,100.00%,,,0,0,0,0.00%,1,100.00%
2016/06/17,18:45,1,1,1,100.00%,00:01:24,00:01:24,0,0,0,0.00%,1,100.00%
2016/06/17,19:30,1,1,1,100.00%,13:21:46,13:21:46,0,0,0,0.00%,1,100.00%
2016/06/18,07:00,4,4,4,100.00%,00:02:52,00:04:37,0,0,1,25.00%,3,75.00%
2016/06/18,07:15,1,1,1,100.00%,00:04:03,00:04:03,0,0,0,0.00%,1,100.00%
2016/06/18,07:30,5,5,5,100.00%,00:00:41,00:03:57,0,0,1,20.00%,4,80.00%
2016/06/18,07:45,8,8,7,87.50%,00:09:39,00:16:22,0,0,4,50.00%,4,50.00%
2016/06/18,08:15,4,4,3,75.00%,00:03:15,00:04:52,0,0,1,25.00%,3,75.00%
2016/06/18,08:30,7,7,7,100.00%,00:01:33,00:16:40,0,0,0,0.00%,7,100.00%
2016/06/18,08:45,2,2,1,50.00%,00:11:48,00:11:48,0,0,1,50.00%,1,50.00%
2016/06/18,09:00,1,1,1,100.00%,00:09:26,00:09:26,0,0,0,0.00%,1,100.00%
2016/06/18,09:15,2,2,2,100.00%,00:01:26,00:36:44,0,0,0,0.00%,2,100.00%
2016/06/18,09:30,1,1,1,100.00%,00:00:34,00:00:34,0,0,0,0.00%,1,100.00%
2016/06/18,09:45,7,7,7,100.00%,00:01:02,00:02:41,0,0,1,14.29%,6,85.71%
2016/06/18,10:00,5,5,5,100.00%,00:00:33,00:01:16,0,0,1,20.00%,4,80.00%
2016/06/18,10:15,9,9,8,88.89%,00:02:58,00:15:03,0,0,1,11.11%,8,88.89%
2016/06/18,10:30,2,2,1,50.00%,00:05:30,00:05:30,0,0,1,50.00%,1,50.00%
2016/06/18,10:45,6,6,6,100.00%,00:01:19,00:14:09,0,0,1,16.67%,5,83.33%
2016/06/18,11:00,10,10,10,100.00%,00:02:50,00:11:46,0,0,1,10.00%,9,90.00%
2016/06/18,11:15,2,2,2,100.00%,00:03:39,00:04:12,0,0,0,0.00%,2,100.00%
2016/06/18,11:30,2,2,1,50.00%,00:17:24,00:17:24,0,1,0,0.00%,1,50.00%
2016/06/18,11:45,8,8,8,100.00%,00:00:40,00:04:41,0,0,2,25.00%,6,75.00%
2016/06/18,12:00,5,5,5,100.00%,00:01:15,00:10:35,0,0,0,0.00%,5,100.00%
2016/06/18,12:15,7,7,7,100.00%,00:03:04,00:08:33,0,0,1,14.29%,6,85.71%
2016/06/18,12:45,6,6,5,83.33%,00:01:55,00:12:48,0,0,1,16.67%,5,83.33%
2016/06/18,13:00,6,6,6,100.00%,00:01:37,00:10:30,0,0,2,33.33%,4,66.67%
2016/06/18,13:15,4,4,4,100.00%,00:01:24,00:01:56,0,0,1,25.00%,3,75.00%
2016/06/18,13:30,7,7,7,100.00%,00:03:15,00:12:40,0,0,1,14.29%,6,85.71%
2016/06/18,13:45,3,3,3,100.00%,00:05:01,00:20:49,0,0,0,0.00%,3,100.00%
2016/06/18,14:00,4,4,4,100.00%,00:02:25,00:06:44,0,0,1,25.00%,3,75.00%
2016/06/18,14:15,4,4,4,100.00%,00:02:08,00:06:54,0,0,1,25.00%,3,75.00%
2016/06/18,14:30,8,8,8,100.00%,00:00:48,00:19:12,0,0,0,0.00%,8,100.00%
2016/06/18,14:45,7,7,6,85.71%,00:07:30,00:07:44,0,0,3,42.86%,4,57.14%
2016/06/18,15:00,1,1,1,100.00%,00:04:32,00:04:32,0,0,0,0.00%,1,100.00%
2016/06/18,15:15,8,7,7,87.50%,00:01:22,00:13:19,1,0,0,0.00%,7,87.50%
2016/06/18,15:30,5,5,5,100.00%,00:03:38,00:19:57,0,0,0,0.00%,5,100.00%
2016/06/18,15:45,1,1,1,100.00%,,,0,0,1,100.00%,0,0.00%
2016/06/18,16:15,1,1,1,100.00%,,,0,0,1,100.00%,0,0.00%
2016/06/18,17:15,1,1,1,100.00%,,,0,0,1,100.00%,0,0.00%
2016/06/18,19:00,1,1,1,100.00%,,,0,0,0,0.00%,1,100.00%
2016/06/19,09:15,1,1,1,100.00%,23:47:07,23:47:07,0,0,0,0.00%,1,100.00%
2016/06/19,14:45,1,0,0,0.00%,,,1,0,0,0.00%,0,0.00%
2016/06/20,07:00,3,3,2,66.67%,01:55:14,01:55:14,0,0,2,66.67%,1,33.33%
2016/06/20,07:15,2,2,2,100.00%,01:07:39,01:28:12,0,0,0,0.00%,2,100.00%
2016/06/20,07:30,6,6,6,100.00%,00:45:58,00:59:14,0,0,2,33.33%,4,66.67%
2016/06/20,07:45,11,11,10,90.91%,00:08:15,00:29:42,0,0,2,18.18%,9,81.82%
2016/06/20,08:00,2,2,2,100.00%,00:53:10,00:54:22,0,0,0,0.00%,2,100.00%
2016/06/20,08:15,7,7,7,100.00%,00:02:31,00:23:11,0,0,1,14.29%,6,85.71%
2016/06/20,08:30,7,7,4,57.14%,00:09:23,00:16:20,0,0,3,42.86%,4,57.14%
2016/06/20,08:45,6,6,6,100.00%,00:02:54,00:03:40,0,0,2,33.33%,4,66.67%
2016/06/20,09:00,4,4,4,100.00%,00:02:15,00:11:54,0,0,0,0.00%,4,100.00%
2016/06/20,09:15,1,1,1,100.00%,00:00:50,00:00:50,0,0,0,0.00%,1,100.00%
2016/06/20,09:30,7,7,7,100.00%,00:02:07,00:07:51,0,0,0,0.00%,7,100.00%
2016/06/20,09:45,7,7,7,100.00%,00:02:07,00:16:14,0,0,1,14.29%,6,85.71%
2016/06/20,10:00,9,9,7,77.78%,00:01:18,00:13:27,0,0,2,22.22%,7,77.78%
2016/06/20,10:15,7,7,7,100.00%,00:01:46,00:09:23,0,0,1,14.29%,6,85.71%
2016/06/20,10:30,10,10,9,90.00%,00:01:42,00:25:02,0,0,3,30.00%,7,70.00%
2016/06/20,10:45,6,6,6,100.00%,00:01:49,00:07:43,0,0,0,0.00%,6,100.00%
2016/06/20,11:00,4,4,2,50.00%,00:01:37,00:01:37,0,0,2,50.00%,2,50.00%
2016/06/20,11:15,9,9,9,100.00%,00:00:38,00:05:49,0,0,1,11.11%,8,88.89%
2016/06/20,11:30,8,8,8,100.00%,00:00:56,00:10:18,0,0,1,12.50%,7,87.50%
2016/06/20,11:45,8,8,8,100.00%,00:01:11,00:06:03,0,0,1,12.50%,7,87.50%
2016/06/20,12:00,13,12,11,84.62%,00:01:56,00:28:36,1,0,2,15.38%,10,76.92%
2016/06/20,12:15,10,10,10,100.00%,00:00:45,00:21:22,0,0,3,30.00%,7,70.00%
2016/06/20,12:30,3,3,3,100.00%,00:05:06,00:16:46,0,0,0,0.00%,3,100.00%
2016/06/20,12:45,5,5,3,60.00%,00:02:59,00:07:35,0,0,3,60.00%,2,40.00%
2016/06/20,13:00,8,8,8,100.00%,00:01:44,00:15:37,0,0,2,25.00%,6,75.00%
2016/06/20,13:15,3,3,3,100.00%,00:16:54,00:18:38,0,0,0,0.00%,3,100.00%
2016/06/20,13:30,5,5,4,80.00%,00:01:15,00:06:48,0,0,1,20.00%,4,80.00%
2016/06/20,13:45,7,7,7,100.00%,00:02:31,00:06:54,0,0,1,14.29%,6,85.71%
2016/06/20,14:00,5,5,5,100.00%,00:00:51,00:01:29,0,0,3,60.00%,2,40.00%
2016/06/20,14:15,12,12,12,100.00%,00:02:20,00:11:46,0,0,1,8.33%,11,91.67%
2016/06/20,14:30,13,13,12,92.31%,00:02:22,00:14:48,0,0,3,23.08%,10,76.92%
2016/06/20,14:45,6,6,6,100.00%,00:09:01,00:12:35,0,0,2,33.33%,4,66.67%
2016/06/20,15:00,2,2,2,100.00%,00:05:44,00:17:29,0,0,0,0.00%,2,100.00%
2016/06/20,15:15,2,2,2,100.00%,00:01:36,00:04:37,0,0,0,0.00%,2,100.00%
2016/06/20,15:30,2,2,2,100.00%,00:02:49,00:08:26,0,0,0,0.00%,2,100.00%
2016/06/20,15:45,9,9,7,77.78%,00:01:32,00:04:27,0,0,3,33.33%,6,66.67%
2016/06/20,16:00,9,9,9,100.00%,00:01:03,00:06:34,0,0,1,11.11%,8,88.89%
2016/06/20,16:15,11,11,11,100.00%,00:01:09,00:06:27,0,0,1,9.09%,10,90.91%
2016/06/20,16:30,5,5,5,100.00%,00:01:28,00:10:36,0,0,0,0.00%,5,100.00%
2016/06/20,16:45,10,10,10,100.00%,00:01:14,00:03:50,0,0,2,20.00%,8,80.00%
2016/06/20,17:00,4,4,4,100.00%,00:06:06,00:12:44,0,0,0,0.00%,4,100.00%
2016/06/20,17:15,1,1,1,100.00%,00:01:10,00:01:10,0,0,0,0.00%,1,100.00%
2016/06/20,18:15,1,0,0,0.00%,,,1,0,0,0.00%,0,0.00%
2016/06/20,19:00,1,1,1,100.00%,12:10:05,12:10:05,0,0,0,0.00%,1,100.00%
2016/06/20,20:30,1,1,1,100.00%,,,0,0,0,0.00%,1,100.00%
2016/06/21,07:15,6,6,6,100.00%,00:01:01,00:03:32,0,0,2,33.33%,4,66.67%
2016/06/21,07:30,9,9,9,100.00%,00:02:32,00:17:54,0,0,2,22.22%,7,77.78%
2016/06/21,07:45,4,4,4,100.00%,00:23:17,00:23:17,0,0,1,25.00%,3,75.00%
2016/06/21,08:00,2,2,2,100.00%,00:05:19,00:08:47,0,0,0,0.00%,2,100.00%
2016/06/21,08:15,6,6,6,100.00%,00:01:24,00:16:34,0,0,3,50.00%,3,50.00%
2016/06/21,08:30,8,8,8,100.00%,00:01:23,00:09:33,0,0,1,12.50%,7,87.50%
2016/06/21,08:45,10,10,10,100.00%,00:01:25,00:21:47,0,0,0,0.00%,10,100.00%
2016/06/21,09:00,3,3,3,100.00%,00:00:44,00:07:02,0,0,1,33.33%,2,66.67%
2016/06/21,09:15,6,6,6,100.00%,00:00:47,00:01:30,0,0,0,0.00%,6,100.00%
2016/06/21,09:30,7,7,7,100.00%,00:00:56,00:04:48,0,0,0,0.00%,7,100.00%
2016/06/21,09:45,11,11,11,100.00%,00:00:52,00:03:17,0,0,0,0.00%,11,100.00%
2016/06/21,10:00,6,6,5,83.33%,00:02:54,00:09:01,0,0,1,16.67%,5,83.33%
2016/06/21,10:15,11,11,11,100.00%,00:00:48,00:11:47,0,0,0,0.00%,11,100.00%
2016/06/21,10:30,15,15,14,93.33%,00:00:50,00:12:03,0,0,1,6.67%,14,93.33%
2016/06/21,10:45,8,8,8,100.00%,00:02:02,00:09:42,0,0,0,0.00%,8,100.00%
2016/06/21,11:00,1,1,1,100.00%,00:01:48,00:01:48,0,0,0,0.00%,1,100.00%
2016/06/21,11:15,7,7,7,100.00%,00:01:42,00:14:24,0,0,1,14.29%,6,85.71%
2016/06/21,11:30,5,5,5,100.00%,00:00:40,00:01:49,0,0,0,0.00%,5,100.00%
2016/06/21,11:45,4,4,4,100.00%,00:02:06,00:02:22,0,0,0,0.00%,4,100.00%
2016/06/21,12:00,8,8,8,100.00%,00:01:00,00:08:23,0,0,0,0.00%,8,100.00%
2016/06/21,12:15,11,11,11,100.00%,00:01:29,00:09:43,0,0,0,0.00%,11,100.00%
2016/06/21,12:30,13,13,12,92.31%,00:00:38,00:08:37,0,0,4,30.77%,9,69.23%
2016/06/21,12:45,10,10,9,90.00%,00:00:57,00:09:12,0,0,3,30.00%,7,70.00%
2016/06/21,13:00,9,9,9,100.00%,00:01:56,00:08:31,0,0,2,22.22%,7,77.78%
2016/06/21,13:15,10,10,10,100.00%,00:01:32,00:13:42,0,0,1,10.00%,9,90.00%
2016/06/21,13:30,7,7,7,100.00%,00:04:49,00:28:26,0,0,3,42.86%,4,57.14%
2016/06/21,13:45,11,11,11,100.00%,00:01:27,00:16:14,0,0,0,0.00%,11,100.00%
2016/06/21,14:00,8,8,8,100.00%,00:01:42,00:04:07,0,0,0,0.00%,8,100.00%
2016/06/21,14:15,3,3,3,100.00%,00:01:48,00:16:02,0,0,0,0.00%,3,100.00%
2016/06/21,14:30,6,5,5,83.33%,00:03:41,00:14:32,1,0,0,0.00%,5,83.33%
2016/06/21,14:45,14,14,14,100.00%,00:02:29,00:14:25,0,0,3,21.43%,11,78.57%
2016/06/21,15:00,8,8,8,100.00%,00:01:45,00:07:15,0,0,0,0.00%,8,100.00%
2016/06/21,15:15,8,8,8,100.00%,00:01:03,00:12:00,0,0,1,12.50%,7,87.50%
2016/06/21,15:30,9,9,7,77.78%,00:04:58,00:05:39,0,0,2,22.22%,7,77.78%
2016/06/21,15:45,12,12,12,100.00%,00:01:17,00:11:41,0,0,2,16.67%,10,83.33%
2016/06/21,16:00,4,4,4,100.00%,00:03:19,00:06:35,0,0,1,25.00%,3,75.00%
2016/06/21,16:15,8,8,8,100.00%,00:00:54,00:09:06,0,0,0,0.00%,8,100.00%
2016/06/21,16:30,13,13,12,92.31%,00:03:21,00:09:17,0,0,2,15.38%,11,84.62%
2016/06/21,16:45,9,9,8,88.89%,00:06:26,00:11:02,0,0,1,11.11%,8,88.89%
2016/06/21,23:30,1,1,1,100.00%,,,0,0,0,0.00%,1,100.00%
2016/06/22,06:30,1,1,1,100.00%,01:18:30,01:18:30,0,0,0,0.00%,1,100.00%
2016/06/22,07:00,2,2,2,100.00%,00:36:30,00:36:30,0,0,0,0.00%,2,100.00%
2016/06/22,07:15,2,2,2,100.00%,00:07:49,00:07:49,0,0,0,0.00%,2,100.00%
2016/06/22,07:30,2,2,2,100.00%,00:18:06,00:18:06,0,0,0,0.00%,2,100.00%
2016/06/22,07:45,4,4,3,75.00%,00:05:10,00:08:18,0,0,1,25.00%,3,75.00%
2016/06/22,08:00,2,1,1,50.00%,00:28:09,00:28:09,1,0,0,0.00%,1,50.00%
2016/06/22,08:15,1,1,0,0.00%,,,0,0,1,100.00%,0,0.00%
2016/06/22,08:30,2,2,2,100.00%,00:01:40,00:06:38,0,0,0,0.00%,2,100.00%
2016/06/22,08:45,8,8,8,100.00%,00:01:29,00:03:25,0,0,1,12.50%,7,87.50%
2016/06/22,09:00,5,5,5,100.00%,00:00:54,00:02:16,0,0,1,20.00%,4,80.00%
2016/06/22,09:15,8,8,8,100.00%,00:00:28,00:10:34,0,1,3,37.50%,4,50.00%
2016/06/22,09:30,5,5,4,80.00%,00:00:37,00:05:59,0,0,1,20.00%,4,80.00%
2016/06/22,09:45,5,5,4,80.00%,00:00:50,00:11:37,0,0,2,40.00%,3,60.00%
2016/06/22,10:00,6,6,6,100.00%,00:01:39,00:04:15,0,0,0,0.00%,6,100.00%
2016/06/22,10:15,4,4,4,100.00%,00:01:33,00:05:49,0,0,1,25.00%,3,75.00%
2016/06/22,10:30,6,6,6,100.00%,00:01:03,00:37:30,0,0,1,16.67%,5,83.33%
2016/06/22,10:45,5,5,5,100.00%,00:16:19,00:21:07,0,0,1,20.00%,4,80.00%
2016/06/22,11:00,6,6,5,83.33%,00:01:54,00:09:43,0,1,0,0.00%,5,83.33%
2016/06/22,11:15,10,10,9,90.00%,00:01:47,00:06:06,0,0,2,20.00%,8,80.00%
2016/06/22,11:30,6,6,6,100.00%,00:02:12,00:03:00,0,0,1,16.67%,5,83.33%
2016/06/22,11:45,4,3,3,75.00%,00:02:23,00:02:23,1,0,1,25.00%,2,50.00%
2016/06/22,12:00,5,5,5,100.00%,00:01:53,00:13:33,0,0,0,0.00%,5,100.00%
2016/06/22,12:15,4,4,4,100.00%,00:00:44,00:38:17,0,0,1,25.00%,3,75.00%
2016/06/22,12:30,11,11,10,90.91%,00:01:20,00:10:03,0,0,3,27.27%,8,72.73%
2016/06/22,12:45,8,8,7,87.50%,00:06:59,00:17:00,0,0,3,37.50%,5,62.50%
2016/06/22,13:00,8,8,8,100.00%,00:02:47,00:12:34,0,0,1,12.50%,7,87.50%
2016/06/22,13:15,9,9,8,88.89%,00:01:13,00:14:41,0,0,2,22.22%,7,77.78%
2016/06/22,13:30,9,8,7,77.78%,00:01:40,00:13:40,1,0,2,22.22%,6,66.67%
2016/06/22,13:45,9,9,9,100.00%,00:01:49,00:11:42,0,0,1,11.11%,8,88.89%
2016/06/22,14:00,4,4,4,100.00%,00:00:57,00:03:54,0,0,1,25.00%,3,75.00%
2016/06/22,14:15,12,11,11,91.67%,00:00:45,00:10:42,1,0,0,0.00%,11,91.67%
2016/06/22,14:30,7,7,6,85.71%,00:00:45,00:03:30,0,0,1,14.29%,6,85.71%
2016/06/22,14:45,3,3,3,100.00%,00:01:14,00:04:12,0,0,0,0.00%,3,100.00%
2016/06/22,15:15,5,4,4,80.00%,,,1,0,2,40.00%,2,40.00%
2016/06/22,15:30,5,5,5,100.00%,00:02:05,00:04:45,0,0,0,0.00%,5,100.00%
2016/06/22,15:45,5,5,5,100.00%,00:01:35,00:11:21,0,0,1,20.00%,4,80.00%
2016/06/22,16:00,6,6,6,100.00%,00:02:04,00:13:04,0,0,0,0.00%,6,100.00%
2016/06/22,16:15,3,3,3,100.00%,00:08:42,00:14:43,0,0,0,0.00%,3,100.00%
2016/06/22,16:30,5,5,5,100.00%,00:01:52,00:07:52,0,0,1,20.00%,4,80.00%
2016/06/22,16:45,7,7,7,100.00%,00:02:15,00:09:43,0,0,0,0.00%,7,100.00%
2016/06/22,17:00,10,9,9,90.00%,00:03:52,00:15:22,1,0,2,20.00%,7,70.00%
2016/06/22,17:15,4,4,4,100.00%,00:02:28,00:11:28,0,0,0,0.00%,4,100.00%
2016/06/22,17:30,1,1,1,100.00%,00:14:06,00:14:06,0,0,0,0.00%,1,100.00%
2016/06/22,19:00,1,0,0,0.00%,,,1,0,0,0.00%,0,0.00%
2016/06/22,20:45,1,1,1,100.00%,10:08:19,10:08:19,0,0,0,0.00%,1,100.00%
2016/06/23,07:00,1,1,1,100.00%,00:01:59,00:01:59,0,0,0,0.00%,1,100.00%
2016/06/23,07:15,1,1,1,100.00%,,,0,0,1,100.00%,0,0.00%
2016/06/23,07:30,3,3,2,66.67%,00:00:49,00:00:49,0,0,2,66.67%,1,33.33%
2016/06/23,07:45,3,3,2,66.67%,,,0,0,2,66.67%,1,33.33%
2016/06/23,08:00,4,4,4,100.00%,00:01:09,00:06:07,0,0,1,25.00%,3,75.00%
2016/06/23,08:15,6,5,5,83.33%,00:00:33,00:27:01,1,0,1,16.67%,4,66.67%
2016/06/23,08:45,6,6,5,83.33%,00:01:54,00:07:12,0,0,1,16.67%,5,83.33%
2016/06/23,09:00,2,2,2,100.00%,00:03:03,00:03:08,0,0,0,0.00%,2,100.00%
2016/06/23,09:15,4,4,4,100.00%,00:01:49,00:07:56,0,0,1,25.00%,3,75.00%
2016/06/23,09:30,4,4,4,100.00%,00:02:40,00:02:40,0,0,3,75.00%,1,25.00%
2016/06/23,09:45,4,4,4,100.00%,00:04:13,00:04:13,0,0,1,25.00%,3,75.00%
2016/06/23,10:00,3,3,3,100.00%,00:01:29,00:15:41,0,0,0,0.00%,3,100.00%
2016/06/23,10:15,1,1,1,100.00%,00:15:59,00:15:59,0,0,0,0.00%,1,100.00%
2016/06/23,10:30,3,3,3,100.00%,00:01:07,00:04:50,0,0,0,0.00%,3,100.00%
2016/06/23,10:45,5,5,4,80.00%,00:00:37,00:02:20,0,0,2,40.00%,3,60.00%
2016/06/23,11:00,6,6,5,83.33%,00:01:19,00:03:31,0,0,1,16.67%,5,83.33%
2016/06/23,11:15,2,2,2,100.00%,00:03:47,00:03:47,0,0,1,50.00%,1,50.00%
2016/06/23,11:30,3,3,3,100.00%,00:04:47,00:23:40,0,0,0,0.00%,3,100.00%
2016/06/23,12:00,7,7,7,100.00%,00:01:11,00:01:11,0,0,4,57.14%,3,42.86%
2016/06/23,12:15,5,5,5,100.00%,00:03:33,00:05:08,0,0,2,40.00%,3,60.00%
2016/06/23,12:30,6,6,6,100.00%,00:05:46,00:10:20,0,0,3,50.00%,3,50.00%
2016/06/23,12:45,4,4,4,100.00%,00:01:47,00:14:38,0,0,0,0.00%,4,100.00%
2016/06/23,13:00,10,10,10,100.00%,00:00:45,00:10:54,0,0,0,0.00%,10,100.00%
2016/06/23,13:15,3,3,3,100.00%,00:01:39,00:05:58,0,0,0,0.00%,3,100.00%
2016/06/23,13:30,3,3,3,100.00%,00:35:58,00:38:26,0,0,0,0.00%,3,100.00%
2016/06/23,13:45,4,4,3,75.00%,00:05:45,00:10:49,0,0,1,25.00%,3,75.00%
2016/06/23,14:00,4,4,4,100.00%,00:00:39,00:02:32,0,0,0,0.00%,4,100.00%
2016/06/23,14:15,8,8,7,87.50%,00:00:29,00:15:20,0,0,1,12.50%,7,87.50%
2016/06/23,14:30,5,5,5,100.00%,00:00:46,00:14:13,0,0,0,0.00%,5,100.00%
2016/06/23,14:45,9,9,9,100.00%,00:01:40,00:10:43,0,0,0,0.00%,9,100.00%
2016/06/23,15:00,4,4,4,100.00%,00:01:32,00:01:32,0,0,0,0.00%,4,100.00%
2016/06/23,15:15,7,7,5,71.43%,00:01:13,00:02:37,0,0,2,28.57%,5,71.43%
2016/06/23,15:30,5,5,5,100.00%,00:00:50,00:01:02,0,0,2,40.00%,3,60.00%
2016/06/23,15:45,4,4,4,100.00%,00:01:07,00:07:07,0,0,0,0.00%,4,100.00%
2016/06/23,16:00,8,8,7,87.50%,00:03:00,00:07:15,0,0,2,25.00%,6,75.00%
2016/06/23,16:15,2,2,2,100.00%,00:03:00,00:03:03,0,0,0,0.00%,2,100.00%
2016/06/23,16:30,6,6,6,100.00%,00:02:39,00:11:45,0,0,1,16.67%,5,83.33%
2016/06/23,16:45,9,9,9,100.00%,00:01:35,00:09:07,0,0,2,22.22%,7,77.78%
2016/06/23,17:00,8,8,8,100.00%,00:02:03,00:15:20,0,0,1,12.50%,7,87.50%
2016/06/23,17:15,10,10,9,90.00%,00:02:53,00:13:02,0,0,2,20.00%,8,80.00%
2016/06/23,19:15,1,1,1,100.00%,11:54:46,11:54:46,0,0,0,0.00%,1,100.00%
2016/06/23,20:30,2,2,2,100.00%,10:26:05,10:26:05,0,0,1,50.00%,1,50.00%
2016/06/24,04:15,1,1,1,100.00%,,,0,0,0,0.00%,1,100.00%
2016/06/24,07:00,1,1,1,100.00%,00:02:14,00:02:14,0,0,0,0.00%,1,100.00%
2016/06/24,07:15,3,3,3,100.00%,00:03:46,00:07:41,0,0,1,33.33%,2,66.67%
2016/06/24,07:30,7,7,7,100.00%,00:02:05,00:22:48,0,0,1,14.29%,6,85.71%
2016/06/24,07:45,5,5,5,100.00%,00:02:45,00:19:16,0,0,0,0.00%,5,100.00%
2016/06/24,08:00,2,2,1,50.00%,00:03:43,00:03:43,0,0,1,50.00%,1,50.00%
2016/06/24,08:15,2,2,2,100.00%,,,0,0,0,0.00%,2,100.00%
2016/06/24,08:30,4,4,4,100.00%,00:06:52,00:21:35,0,0,0,0.00%,4,100.00%
2016/06/24,08:45,4,4,4,100.00%,00:10:29,00:22:31,0,0,0,0.00%,4,100.00%
2016/06/24,09:00,3,2,2,66.67%,00:02:05,00:02:05,1,0,1,33.33%,1,33.33%
2016/06/24,09:15,4,4,4,100.00%,00:13:38,00:30:00,0,0,0,0.00%,4,100.00%
2016/06/24,09:30,3,3,3,100.00%,00:09:15,00:10:08,0,0,1,33.33%,2,66.67%
2016/06/24,09:45,5,4,4,80.00%,00:13:04,00:18:08,1,0,0,0.00%,4,80.00%
2016/06/24,10:00,2,2,2,100.00%,,,0,0,1,50.00%,1,50.00%
2016/06/24,10:15,2,2,1,50.00%,00:03:31,00:03:31,0,0,1,50.00%,1,50.00%
2016/06/24,10:30,3,3,3,100.00%,00:01:50,00:01:50,0,0,2,66.67%,1,33.33%
2016/06/24,10:45,1,1,1,100.00%,,,0,0,1,100.00%,0,0.00%
2016/06/24,11:00,3,3,2,66.67%,00:01:45,00:02:08,0,0,1,33.33%,2,66.67%
2016/06/24,11:15,3,3,3,100.00%,00:02:57,00:16:56,0,0,0,0.00%,3,100.00%
2016/06/24,11:30,2,2,1,50.00%,00:28:49,00:28:49,0,0,1,50.00%,1,50.00%
2016/06/24,11:45,8,8,8,100.00%,00:00:30,00:10:28,0,0,0,0.00%,8,100.00%
2016/06/24,12:00,5,4,4,80.00%,00:06:18,00:27:38,1,0,0,0.00%,4,80.00%
2016/06/24,12:15,5,5,5,100.00%,00:01:12,00:17:30,0,0,1,20.00%,4,80.00%
2016/06/24,12:30,6,6,6,100.00%,00:07:53,00:13:20,0,0,1,16.67%,5,83.33%
2016/06/24,12:45,4,4,4,100.00%,00:01:09,00:37:12,0,0,2,50.00%,2,50.00%
2016/06/24,13:00,5,5,5,100.00%,00:03:41,00:12:23,0,0,1,20.00%,4,80.00%
2016/06/24,13:15,2,2,1,50.00%,00:02:30,00:02:30,0,0,1,50.00%,1,50.00%
2016/06/24,13:30,6,6,6,100.00%,00:03:24,00:07:36,0,0,0,0.00%,6,100.00%
2016/06/24,13:45,4,4,4,100.00%,00:01:01,00:02:16,0,0,1,25.00%,3,75.00%
2016/06/24,14:00,6,6,6,100.00%,00:01:00,00:09:13,0,0,0,0.00%,6,100.00%
2016/06/24,14:15,7,6,5,71.43%,00:00:48,00:02:12,1,0,1,14.29%,5,71.43%
2016/06/24,14:30,7,7,7,100.00%,00:00:30,00:09:36,0,0,1,14.29%,6,85.71%
2016/06/24,14:45,3,3,3,100.00%,00:01:21,00:04:35,0,0,0,0.00%,3,100.00%
2016/06/24,15:00,3,3,2,66.67%,00:02:51,00:02:51,0,0,1,33.33%,2,66.67%
2016/06/24,15:15,4,4,4,100.00%,00:01:19,00:02:27,0,0,1,25.00%,3,75.00%
2016/06/24,15:30,2,1,1,50.00%,00:47:30,00:47:30,1,0,0,0.00%,1,50.00%
2016/06/24,16:45,1,1,1,100.00%,15:14:16,15:14:16,0,0,0,0.00%,1,100.00%
2016/06/24,17:45,1,1,1,100.00%,,,0,0,0,0.00%,1,100.00%
2016/06/24,20:15,1,1,1,100.00%,10:45:33,10:45:33,0,0,0,0.00%,1,100.00%
2016/06/25,04:30,1,1,1,100.00%,02:19:21,02:19:21,0,0,0,0.00%,1,100.00%
2016/06/25,07:00,1,1,1,100.00%,00:02:20,00:02:20,0,0,0,0.00%,1,100.00%
2016/06/25,07:45,1,1,1,100.00%,,,0,0,0,0.00%,1,100.00%
2016/06/25,08:00,3,3,2,66.67%,00:03:27,00:16:12,0,0,1,33.33%,2,66.67%
2016/06/25,08:15,2,2,1,50.00%,,,0,0,1,50.00%,1,50.00%
2016/06/25,08:30,5,4,4,80.00%,00:01:02,00:02:25,1,0,0,0.00%,4,80.00%
2016/06/25,08:45,6,6,6,100.00%,00:02:27,00:27:15,0,0,1,16.67%,5,83.33%
2016/06/25,09:00,5,5,5,100.00%,00:02:05,00:04:57,0,0,2,40.00%,3,60.00%
2016/06/25,09:15,3,3,3,100.00%,,,0,0,0,0.00%,3,100.00%
2016/06/25,09:30,7,7,6,85.71%,00:20:21,00:28:13,0,0,1,14.29%,6,85.71%
2016/06/25,09:45,4,4,4,100.00%,00:02:38,00:07:03,0,0,0,0.00%,4,100.00%
2016/06/25,10:00,7,7,7,100.00%,00:02:21,00:11:19,0,0,0,0.00%,7,100.00%
2016/06/25,10:15,3,3,3,100.00%,00:00:32,00:01:26,0,0,0,0.00%,3,100.00%
2016/06/25,10:30,1,1,1,100.00%,00:02:31,00:02:31,0,0,0,0.00%,1,100.00%
2016/06/25,10:45,8,7,6,75.00%,00:00:55,00:01:53,1,0,2,25.00%,5,62.50%
2016/06/25,11:00,9,9,9,100.00%,00:00:52,00:03:29,0,0,1,11.11%,8,88.89%
2016/06/25,11:15,13,13,12,92.31%,00:01:29,00:13:26,0,0,3,23.08%,10,76.92%
2016/06/25,11:30,1,1,1,100.00%,,,0,0,1,100.00%,0,0.00%
2016/06/25,11:45,1,1,0,0.00%,,,0,0,1,100.00%,0,0.00%
2016/06/25,12:00,9,9,8,88.89%,00:01:03,00:03:42,0,0,1,11.11%,8,88.89%
2016/06/25,12:15,4,4,4,100.00%,00:01:33,00:01:47,0,0,1,25.00%,3,75.00%
2016/06/25,12:30,6,6,6,100.00%,00:01:59,00:15:15,0,0,2,33.33%,4,66.67%
2016/06/25,12:45,11,11,11,100.00%,00:01:04,00:03:27,0,0,1,9.09%,10,90.91%
2016/06/25,13:00,4,4,3,75.00%,00:03:33,00:05:42,0,0,1,25.00%,3,75.00%
2016/06/25,13:15,5,5,4,80.00%,00:01:25,00:02:59,0,0,1,20.00%,4,80.00%
2016/06/25,13:30,5,5,5,100.00%,00:01:05,00:03:14,0,0,1,20.00%,4,80.00%
2016/06/25,13:45,6,6,6,100.00%,00:00:48,00:12:09,0,0,1,16.67%,5,83.33%
2016/06/25,14:00,7,7,7,100.00%,00:01:19,00:22:38,0,0,1,14.29%,6,85.71%
2016/06/25,14:15,8,8,8,100.00%,00:01:10,00:08:38,0,0,1,12.50%,7,87.50%
2016/06/25,14:30,5,5,5,100.00%,00:00:57,00:04:24,0,0,0,0.00%,5,100.00%
2016/06/25,14:45,14,14,13,92.86%,00:01:08,00:05:34,0,0,3,21.43%,11,78.57%
2016/06/25,15:00,11,11,10,90.91%,00:01:59,00:06:08,0,0,2,18.18%,9,81.82%
2016/06/25,15:15,12,12,12,100.00%,00:00:40,00:10:29,0,0,0,0.00%,12,100.00%
2016/06/25,15:30,6,6,6,100.00%,00:01:56,00:05:06,0,0,1,16.67%,5,83.33%
2016/06/25,15:45,6,6,6,100.00%,,,0,0,2,33.33%,4,66.67%
2016/06/25,16:00,1,1,1,100.00%,,,0,0,0,0.00%,1,100.00%
2016/06/25,16:15,1,0,0,0.00%,,,1,0,0,0.00%,0,0.00%
2016/06/25,20:45,1,1,1,100.00%,,,0,0,1,100.00%,0,0.00%
2016/06/26,00:15,1,1,1,100.00%,,,0,0,0,0.00%,1,100.00%
2016/06/26,07:45,3,3,3,100.00%,00:06:48,00:12:15,0,0,0,0.00%,3,100.00%
2016/06/26,08:00,1,1,1,100.00%,00:00:52,00:00:52,0,0,0,0.00%,1,100.00%
2016/06/26,08:15,3,3,3,100.00%,00:01:35,00:01:44,0,0,0,0.00%,3,100.00%
2016/06/26,08:30,3,3,3,100.00%,00:08:59,00:17:49,0,0,0,0.00%,3,100.00%
2016/06/26,08:45,6,6,6,100.00%,00:02:44,00:09:42,0,0,0,0.00%,6,100.00%
2016/06/26,09:00,4,4,4,100.00%,00:02:28,00:02:42,0,0,0,0.00%,4,100.00%
2016/06/26,09:15,7,7,7,100.00%,00:02:43,00:13:56,0,0,0,0.00%,7,100.00%
2016/06/26,09:30,4,4,4,100.00%,00:02:05,00:08:15,0,0,2,50.00%,2,50.00%
2016/06/26,09:45,5,5,4,80.00%,,,0,0,3,60.00%,2,40.00%
2016/06/26,10:00,4,4,3,75.00%,00:01:58,00:02:05,0,0,1,25.00%,3,75.00%
2016/06/26,10:15,12,12,12,100.00%,00:00:45,00:09:45,0,0,1,8.33%,11,91.67%
2016/06/26,10:30,9,9,9,100.00%,00:01:17,00:02:57,0,0,1,11.11%,8,88.89%
2016/06/26,10:45,8,8,8,100.00%,00:01:53,00:12:32,0,0,0,0.00%,8,100.00%
2016/06/26,11:00,9,9,9,100.00%,00:05:21,00:18:22,0,0,0,0.00%,9,100.00%
2016/06/26,11:15,5,5,5,100.00%,00:02:08,00:29:32,0,0,0,0.00%,5,100.00%
2016/06/26,11:30,4,4,4,100.00%,00:15:20,00:26:20,0,0,0,0.00%,4,100.00%
2016/06/26,11:45,8,8,7,87.50%,00:04:07,00:13:07,0,0,1,12.50%,7,87.50%
2016/06/26,12:00,3,3,3,100.00%,00:01:51,00:03:21,0,0,0,0.00%,3,100.00%
2016/06/26,12:15,4,4,3,75.00%,00:02:11,00:02:11,0,0,1,25.00%,3,75.00%
2016/06/26,12:30,6,6,6,100.00%,00:02:51,00:04:32,0,0,0,0.00%,6,100.00%
2016/06/26,12:45,10,10,10,100.00%,00:01:17,00:03:55,0,0,1,10.00%,9,90.00%
2016/06/26,13:00,8,8,7,87.50%,00:03:24,00:13:20,0,0,1,12.50%,7,87.50%
2016/06/26,13:15,16,16,15,93.75%,00:02:51,00:08:35,0,0,1,6.25%,15,93.75%
2016/06/26,13:30,13,13,13,100.00%,00:08:04,00:29:29,0,0,0,0.00%,13,100.00%
2016/06/26,13:45,9,9,8,88.89%,00:05:39,00:13:12,0,0,1,11.11%,8,88.89%
2016/06/26,14:15,3,3,3,100.00%,00:01:53,00:01:53,0,0,0,0.00%,3,100.00%
2016/06/26,14:30,2,2,2,100.00%,00:02:32,00:19:09,0,0,0,0.00%,2,100.00%
2016/06/26,14:45,9,8,8,88.89%,00:05:47,00:14:42,1,0,0,0.00%,8,88.89%
2016/06/26,15:00,5,5,5,100.00%,,,0,0,0,0.00%,5,100.00%
2016/06/26,15:15,9,8,8,88.89%,00:01:15,00:05:30,1,0,0,0.00%,8,88.89%
2016/06/26,15:30,6,6,6,100.00%,00:00:55,00:02:11,0,0,0,0.00%,6,100.00%
2016/06/26,15:45,9,9,8,88.89%,00:01:19,00:02:45,0,0,2,22.22%,7,77.78%
2016/06/26,16:00,5,5,4,80.00%,00:01:48,00:09:48,0,0,1,20.00%,4,80.00%
2016/06/26,16:15,14,14,14,100.00%,00:01:51,00:06:06,0,0,2,14.29%,12,85.71%
2016/06/26,16:30,3,3,3,100.00%,00:00:45,00:04:25,0,0,0,0.00%,3,100.00%
2016/06/26,19:30,1,1,1,100.00%,,,0,0,0,0.00%,1,100.00%
2016/06/27,07:00,2,2,2,100.00%,00:02:10,00:02:10,0,0,1,50.00%,1,50.00%
2016/06/27,07:15,2,2,2,100.00%,00:01:39,00:02:50,0,0,0,0.00%,2,100.00%
2016/06/27,07:30,2,2,2,100.00%,00:02:12,00:02:47,0,0,0,0.00%,2,100.00%
2016/06/27,07:45,2,2,2,100.00%,00:01:00,00:01:00,0,0,1,50.00%,1,50.00%
2016/06/27,08:15,1,1,1,100.00%,00:15:46,00:15:46,0,0,0,0.00%,1,100.00%
2016/06/27,08:30,2,2,2,100.00%,00:02:43,00:02:43,0,0,1,50.00%,1,50.00%
2016/06/27,08:45,3,3,3,100.00%,00:06:45,00:06:45,0,0,1,33.33%,2,66.67%
2016/06/27,09:00,4,4,3,75.00%,00:07:56,00:17:43,0,0,1,25.00%,3,75.00%
2016/06/27,09:15,2,2,2,100.00%,00:03:28,00:22:40,0,0,0,0.00%,2,100.00%
2016/06/27,09:30,4,4,4,100.00%,00:03:21,00:12:02,0,0,2,50.00%,2,50.00%
2016/06/27,09:45,6,6,6,100.00%,00:01:17,00:11:18,0,0,0,0.00%,6,100.00%
2016/06/27,10:00,4,4,4,100.00%,00:03:18,00:14:47,0,0,1,25.00%,3,75.00%
2016/06/27,10:15,1,1,1,100.00%,00:03:49,00:03:49,0,0,0,0.00%,1,100.00%
2016/06/27,10:30,2,2,2,100.00%,00:01:15,00:01:36,0,0,0,0.00%,2,100.00%
2016/06/27,10:45,7,7,7,100.00%,00:02:14,00:16:58,0,0,1,14.29%,6,85.71%
2016/06/27,11:00,2,2,2,100.00%,00:04:45,00:04:45,0,0,0,0.00%,2,100.00%
2016/06/27,11:15,6,5,5,83.33%,00:01:00,00:06:36,1,0,1,16.67%,4,66.67%
2016/06/27,11:30,6,6,6,100.00%,00:03:10,00:04:41,0,0,2,33.33%,4,66.67%
2016/06/27,11:45,9,9,9,100.00%,00:00:49,00:10:23,0,0,0,0.00%,9,100.00%
2016/06/27,12:00,7,7,6,85.71%,00:01:23,00:06:43,0,0,2,28.57%,5,71.43%
2016/06/27,12:15,12,12,12,100.00%,00:01:37,00:27:24,0,0,1,8.33%,11,91.67%
2016/06/27,12:30,6,6,6,100.00%,00:09:05,00:28:29,0,0,1,16.67%,5,83.33%
2016/06/27,12:45,4,4,4,100.00%,00:02:53,00:18:46,0,0,0,0.00%,4,100.00%
2016/06/27,13:00,5,5,5,100.00%,00:47:57,00:47:57,0,0,1,20.00%,4,80.00%
2016/06/27,13:15,5,5,5,100.00%,00:33:10,00:33:10,0,0,1,20.00%,4,80.00%
2016/06/27,13:30,12,12,12,100.00%,00:00:47,00:14:36,0,0,2,16.67%,10,83.33%
2016/06/27,13:45,4,4,4,100.00%,00:03:14,00:03:14,0,0,1,25.00%,3,75.00%
2016/06/27,14:00,4,4,4,100.00%,00:02:10,00:09:18,0,0,0,0.00%,4,100.00%
2016/06/27,14:15,5,5,5,100.00%,00:01:29,00:05:20,0,0,0,0.00%,5,100.00%
2016/06/27,14:30,5,5,4,80.00%,00:01:36,00:05:16,0,0,1,20.00%,4,80.00%
2016/06/27,14:45,5,5,5,100.00%,00:02:28,00:14:46,0,0,0,0.00%,5,100.00%
2016/06/27,15:00,6,6,6,100.00%,00:00:54,00:07:33,0,0,0,0.00%,6,100.00%
2016/06/27,15:15,6,6,5,83.33%,00:02:41,00:15:55,0,0,1,16.67%,5,83.33%
2016/06/27,15:30,8,8,8,100.00%,00:01:47,00:21:40,0,0,2,25.00%,6,75.00%
2016/06/27,15:45,4,4,4,100.00%,00:14:58,00:36:13,0,0,0,0.00%,4,100.00%
2016/06/27,16:00,6,6,6,100.00%,00:02:29,00:08:22,0,0,0,0.00%,6,100.00%
2016/06/27,16:15,6,6,6,100.00%,00:01:12,00:01:36,0,0,0,0.00%,6,100.00%
2016/06/27,16:30,9,9,9,100.00%,00:01:09,00:04:52,0,0,1,11.11%,8,88.89%
2016/06/27,16:45,8,8,8,100.00%,00:01:27,00:37:39,0,0,0,0.00%,8,100.00%
2016/06/27,17:00,7,7,7,100.00%,00:02:07,00:20:48,0,0,0,0.00%,7,100.00%
2016/06/27,17:15,4,4,4,100.00%,00:02:38,00:34:29,0,0,0,0.00%,4,100.00%
2016/06/27,17:30,6,6,6,100.00%,00:03:16,00:18:52,0,0,0,0.00%,6,100.00%
2016/06/27,18:00,9,9,9,100.00%,00:01:39,02:26:39,0,0,1,11.11%,8,88.89%
2016/06/27,18:15,11,11,11,100.00%,00:03:18,00:08:13,0,0,4,36.36%,7,63.64%
2016/06/27,18:30,4,4,3,75.00%,00:03:02,00:07:43,0,0,1,25.00%,3,75.00%
2016/06/27,18:45,3,3,3,100.00%,00:00:32,00:02:44,0,0,0,0.00%,3,100.00%
2016/06/27,19:00,4,3,3,75.00%,00:02:24,00:02:36,1,0,0,0.00%,3,75.00%
2016/06/27,19:15,1,1,1,100.00%,00:03:29,00:03:29,0,0,0,0.00%,1,100.00%
2016/06/27,19:30,11,11,10,90.91%,00:23:00,04:09:03,0,0,1,9.09%,10,90.91%
2016/06/27,19:45,4,4,3,75.00%,11:12:19,11:12:19,0,0,2,50.00%,2,50.00%
2016/06/27,20:00,4,4,4,100.00%,00:16:55,00:16:55,0,0,3,75.00%,1,25.00%
2016/06/27,20:30,1,1,1,100.00%,,,0,0,0,0.00%,1,100.00%
2016/06/27,20:45,1,1,1,100.00%,10:29:45,10:29:45,0,0,0,0.00%,1,100.00%
2016/06/28,07:00,4,4,4,100.00%,00:01:14,00:03:34,0,0,0,0.00%,4,100.00%
2016/06/28,07:30,3,3,3,100.00%,00:09:09,00:09:09,0,0,1,33.33%,2,66.67%
2016/06/28,07:45,3,3,3,100.00%,00:02:05,00:12:48,0,0,0,0.00%,3,100.00%
2016/06/28,08:00,4,4,4,100.00%,00:02:21,00:02:49,0,0,0,0.00%,4,100.00%
2016/06/28,08:15,4,4,3,75.00%,,,0,0,2,50.00%,2,50.00%
2016/06/28,08:30,6,6,6,100.00%,00:01:01,00:08:29,0,0,0,0.00%,6,100.00%
2016/06/28,08:45,8,8,8,100.00%,00:01:20,00:09:30,0,0,2,25.00%,6,75.00%
2016/06/28,09:00,1,1,1,100.00%,,,0,0,0,0.00%,1,100.00%
2016/06/28,09:15,3,3,3,100.00%,00:01:22,00:04:07,0,0,0,0.00%,3,100.00%
2016/06/28,09:30,8,8,7,87.50%,00:00:48,00:11:58,0,0,2,25.00%,6,75.00%
2016/06/28,09:45,5,5,5,100.00%,00:01:42,00:02:36,0,0,0,0.00%,5,100.00%
2016/06/28,10:00,8,8,7,87.50%,00:01:07,00:06:23,0,0,1,12.50%,7,87.50%
2016/06/28,10:15,6,6,5,83.33%,00:02:22,00:03:59,0,0,2,33.33%,4,66.67%
2016/06/28,10:30,7,7,6,85.71%,00:00:31,00:15:19,0,0,1,14.29%,6,85.71%
2016/06/28,10:45,10,10,10,100.00%,00:01:44,00:10:56,0,0,0,0.00%,10,100.00%
2016/06/28,11:00,3,3,2,66.67%,00:03:45,00:04:51,0,0,1,33.33%,2,66.67%
2016/06/28,11:15,5,5,5,100.00%,00:06:15,00:06:15,0,0,4,80.00%,1,20.00%
2016/06/28,11:30,8,8,8,100.00%,00:00:42,00:05:35,0,0,2,25.00%,6,75.00%
2016/06/28,11:45,4,4,4,100.00%,00:02:22,00:05:17,0,0,0,0.00%,4,100.00%
2016/06/28,12:00,9,9,9,100.00%,00:00:45,00:04:16,0,0,2,22.22%,7,77.78%
2016/06/28,12:15,10,9,9,90.00%,00:00:51,00:06:42,1,0,4,40.00%,5,50.00%
2016/06/28,12:30,16,16,15,93.75%,00:01:23,00:07:52,0,0,2,12.50%,14,87.50%
2016/06/28,12:45,15,15,13,86.67%,00:01:00,00:14:37,0,0,2,13.33%,13,86.67%
2016/06/28,13:00,8,8,8,100.00%,00:01:07,00:12:33,0,0,1,12.50%,7,87.50%
2016/06/28,13:15,4,4,3,75.00%,00:00:52,00:06:16,0,0,1,25.00%,3,75.00%
2016/06/28,13:30,6,6,6,100.00%,00:03:42,00:05:30,0,0,2,33.33%,4,66.67%
2016/06/28,13:45,7,7,7,100.00%,00:01:17,00:06:34,0,0,1,14.29%,6,85.71%
2016/06/28,14:00,8,8,6,75.00%,00:00:53,00:12:51,0,0,2,25.00%,6,75.00%
2016/06/28,14:15,7,7,7,100.00%,00:01:03,00:06:57,0,0,1,14.29%,6,85.71%
2016/06/28,14:30,4,4,4,100.00%,00:03:23,00:16:45,0,0,1,25.00%,3,75.00%
2016/06/28,14:45,6,6,6,100.00%,00:01:45,00:04:03,0,0,1,16.67%,5,83.33%
2016/06/28,15:00,5,5,4,80.00%,00:01:37,00:02:32,0,0,2,40.00%,3,60.00%
2016/06/28,15:15,13,13,11,84.62%,00:03:05,00:09:21,0,0,5,38.46%,8,61.54%
2016/06/28,15:30,9,8,8,88.89%,00:01:52,00:02:54,1,0,0,0.00%,8,88.89%
2016/06/28,15:45,9,9,8,88.89%,00:01:14,00:07:13,0,0,2,22.22%,7,77.78%
2016/06/28,16:00,10,10,10,100.00%,00:01:33,00:05:26,0,0,2,20.00%,8,80.00%
2016/06/28,16:15,7,7,6,85.71%,00:01:10,00:12:37,0,0,2,28.57%,5,71.43%
2016/06/28,16:30,8,8,8,100.00%,00:01:40,00:06:25,0,0,1,12.50%,7,87.50%
2016/06/28,16:45,9,9,9,100.00%,00:01:22,00:01:41,0,0,5,55.56%,4,44.44%
2016/06/28,17:00,9,9,8,88.89%,00:00:50,00:09:37,0,0,1,11.11%,8,88.89%
2016/06/28,17:15,2,2,2,100.00%,00:01:18,00:03:13,0,0,0,0.00%,2,100.00%
2016/06/28,17:30,11,11,11,100.00%,00:01:14,00:03:39,0,0,1,9.09%,10,90.91%
2016/06/28,17:45,9,9,9,100.00%,00:01:28,00:46:18,0,0,1,11.11%,8,88.89%
2016/06/28,18:00,15,15,13,86.67%,00:01:56,00:16:25,0,0,2,13.33%,13,86.67%
2016/06/28,18:15,15,15,15,100.00%,00:03:04,00:53:15,0,0,1,6.67%,14,93.33%
2016/06/28,18:30,3,3,3,100.00%,00:14:36,06:24:08,0,0,0,0.00%,3,100.00%
2016/06/28,18:45,1,1,1,100.00%,,,0,0,0,0.00%,1,100.00%
2016/06/28,19:00,2,2,2,100.00%,01:31:26,01:31:26,0,0,0,0.00%,2,100.00%
2016/06/28,19:15,3,3,3,100.00%,00:06:23,05:56:39,0,0,0,0.00%,3,100.00%
2016/06/28,19:30,9,9,9,100.00%,00:01:54,00:06:43,0,0,1,11.11%,8,88.89%
2016/06/28,19:45,4,4,4,100.00%,00:04:40,00:11:00,0,0,1,25.00%,3,75.00%
2016/06/28,20:00,5,5,5,100.00%,00:07:59,03:53:54,0,0,0,0.00%,5,100.00%
2016/06/28,20:15,2,2,2,100.00%,00:02:22,00:02:22,0,0,0,0.00%,2,100.00%
2016/06/28,20:30,1,1,1,100.00%,10:35:59,10:35:59,0,0,0,0.00%,1,100.00%
2016/06/28,20:45,1,1,1,100.00%,,,0,0,1,100.00%,0,0.00%
2016/06/28,21:30,1,1,1,100.00%,,,0,0,1,100.00%,0,0.00%
2016/06/29,02:15,1,1,1,100.00%,06:46:54,06:46:54,0,0,0,0.00%,1,100.00%
2016/06/29,07:00,1,1,1,100.00%,00:04:29,00:04:29,0,0,0,0.00%,1,100.00%
2016/06/29,07:30,2,2,2,100.00%,00:02:49,00:02:49,0,0,1,50.00%,1,50.00%
2016/06/29,07:45,6,6,6,100.00%,00:02:01,00:26:16,0,0,0,0.00%,6,100.00%
2016/06/29,08:00,1,1,1,100.00%,,,0,0,1,100.00%,0,0.00%
2016/06/29,08:15,2,2,2,100.00%,,,0,0,1,50.00%,1,50.00%
2016/06/29,08:30,1,1,1,100.00%,00:16:03,00:16:03,0,0,0,0.00%,1,100.00%
2016/06/29,08:45,2,2,2,100.00%,00:07:00,00:11:06,0,0,0,0.00%,2,100.00%
2016/06/29,09:00,2,2,1,50.00%,,,0,0,2,100.00%,0,0.00%
2016/06/29,09:15,4,4,4,100.00%,00:03:31,00:06:47,0,0,0,0.00%,4,100.00%
2016/06/29,09:30,6,6,6,100.00%,00:01:39,00:04:19,0,0,2,33.33%,4,66.67%
2016/06/29,09:45,2,2,2,100.00%,00:02:46,00:02:46,0,0,1,50.00%,1,50.00%
2016/06/29,10:00,1,1,1,100.00%,00:07:39,00:07:39,0,0,0,0.00%,1,100.00%
2016/06/29,10:15,3,3,3,100.00%,00:01:45,00:04:13,0,0,0,0.00%,3,100.00%
2016/06/29,10:30,7,7,7,100.00%,00:01:06,00:05:19,0,0,0,0.00%,7,100.00%
2016/06/29,10:45,12,12,12,100.00%,00:00:50,00:05:49,0,0,0,0.00%,12,100.00%
2016/06/29,11:00,4,4,4,100.00%,00:00:55,00:02:01,0,0,1,25.00%,3,75.00%
2016/06/29,11:15,4,4,4,100.00%,00:01:56,00:11:21,0,0,0,0.00%,4,100.00%
2016/06/29,11:30,9,9,9,100.00%,00:00:38,00:04:57,0,0,2,22.22%,7,77.78%
2016/06/29,11:45,8,8,7,87.50%,00:00:32,00:07:17,0,0,2,25.00%,6,75.00%
2016/06/29,12:00,10,10,10,100.00%,00:01:34,00:04:55,0,0,1,10.00%,9,90.00%
2016/06/29,12:15,7,7,7,100.00%,00:01:39,00:11:15,0,0,0,0.00%,7,100.00%
2016/06/29,12:30,13,13,12,92.31%,00:01:49,00:09:25,0,0,5,38.46%,8,61.54%
2016/06/29,12:45,17,17,16,94.12%,00:00:43,00:12:01,0,0,2,11.76%,15,88.24%
2016/06/29,13:00,11,11,11,100.00%,00:01:07,00:18:49,0,0,2,18.18%,9,81.82%
2016/06/29,13:15,12,12,11,91.67%,00:01:36,00:12:05,0,0,2,16.67%,10,83.33%
2016/06/29,13:30,9,9,8,88.89%,00:01:43,00:05:28,0,0,3,33.33%,6,66.67%
2016/06/29,13:45,14,14,12,85.71%,00:02:35,00:14:14,0,0,4,28.57%,10,71.43%
2016/06/29,14:00,13,13,12,92.31%,00:01:02,00:08:50,0,0,1,7.69%,12,92.31%
2016/06/29,14:15,3,3,3,100.00%,00:02:48,00:03:15,0,0,0,0.00%,3,100.00%
2016/06/29,14:30,5,5,5,100.00%,00:01:38,00:07:20,0,0,0,0.00%,5,100.00%
2016/06/29,14:45,10,10,8,80.00%,00:01:22,00:08:04,0,0,4,40.00%,6,60.00%
2016/06/29,15:00,8,8,8,100.00%,00:01:20,00:07:41,0,0,0,0.00%,8,100.00%
2016/06/29,15:15,12,12,11,91.67%,00:03:36,00:09:13,0,0,2,16.67%,10,83.33%
2016/06/29,15:30,8,8,8,100.00%,00:00:20,00:08:00,0,0,0,0.00%,8,100.00%
2016/06/29,15:45,13,13,13,100.00%,00:01:04,00:04:17,0,0,2,15.38%,11,84.62%
2016/06/29,16:00,5,5,5,100.00%,00:00:50,00:06:21,0,0,1,20.00%,4,80.00%
2016/06/29,16:15,10,10,10,100.00%,00:01:33,00:03:32,0,0,4,40.00%,6,60.00%
2016/06/29,16:30,3,3,2,66.67%,00:01:10,00:01:10,0,0,1,33.33%,2,66.67%
2016/06/29,16:45,9,9,9,100.00%,00:01:01,00:28:37,0,0,0,0.00%,9,100.00%
2016/06/29,17:00,15,15,15,100.00%,00:00:48,00:21:22,0,0,2,13.33%,13,86.67%
2016/06/29,17:15,10,10,9,90.00%,00:18:15,00:35:06,0,0,2,20.00%,8,80.00%
2016/06/29,17:30,2,2,2,100.00%,00:16:44,00:16:44,0,0,0,0.00%,2,100.00%
2016/06/29,18:00,2,2,2,100.00%,00:00:51,00:01:42,0,0,0,0.00%,2,100.00%
2016/06/29,18:15,5,5,5,100.00%,00:01:13,00:03:37,0,0,0,0.00%,5,100.00%
2016/06/29,18:30,10,10,9,90.00%,00:01:36,00:13:30,0,0,1,10.00%,9,90.00%
2016/06/29,18:45,8,8,8,100.00%,00:09:53,00:30:35,0,0,0,0.00%,8,100.00%
2016/06/29,19:45,1,1,1,100.00%,,,0,0,0,0.00%,1,100.00%
2016/06/29,20:00,4,4,4,100.00%,10:53:33,10:57:22,0,0,0,0.00%,4,100.00%
2016/06/30,06:00,1,1,1,100.00%,,,0,0,0,0.00%,1,100.00%
2016/06/30,07:00,1,1,1,100.00%,,,0,0,0,0.00%,1,100.00%
2016/06/30,07:15,6,6,6,100.00%,00:01:14,00:13:01,0,0,0,0.00%,6,100.00%
2016/06/30,07:30,4,4,3,75.00%,00:00:57,00:01:26,0,0,1,25.00%,3,75.00%
2016/06/30,07:45,8,8,8,100.00%,00:15:06,00:15:06,0,0,4,50.00%,4,50.00%
2016/06/30,08:00,2,2,2,100.00%,00:17:03,00:48:12,0,0,0,0.00%,2,100.00%
2016/06/30,08:15,8,8,8,100.00%,00:00:56,00:04:50,0,0,1,12.50%,7,87.50%
2016/06/30,08:30,10,10,10,100.00%,00:00:57,00:07:01,0,0,0,0.00%,10,100.00%
2016/06/30,08:45,7,7,7,100.00%,00:01:30,00:06:54,0,0,1,14.29%,6,85.71%
2016/06/30,09:00,7,7,7,100.00%,00:01:03,00:01:55,0,0,0,0.00%,7,100.00%
2016/06/30,09:15,8,8,8,100.00%,00:02:01,00:12:42,0,0,3,37.50%,5,62.50%
2016/06/30,09:30,5,5,5,100.00%,00:01:13,00:02:55,0,0,1,20.00%,4,80.00%
2016/06/30,09:45,5,5,5,100.00%,00:02:24,00:02:24,0,0,3,60.00%,2,40.00%
2016/06/30,10:00,6,6,6,100.00%,00:04:13,00:04:13,0,0,3,50.00%,3,50.00%
2016/06/30,10:15,7,7,7,100.00%,00:00:45,00:19:27,0,0,1,14.29%,6,85.71%
2016/06/30,10:30,3,3,3,100.00%,00:01:28,00:02:34,0,0,0,0.00%,3,100.00%
2016/06/30,10:45,6,6,4,66.67%,00:05:52,00:09:25,0,0,3,50.00%,3,50.00%
2016/06/30,11:00,6,6,6,100.00%,00:02:07,00:02:48,0,0,0,0.00%,6,100.00%
2016/06/30,11:15,8,8,8,100.00%,00:01:10,00:03:48,0,0,1,12.50%,7,87.50%
2016/06/30,11:30,7,7,7,100.00%,00:01:07,00:02:08,0,0,3,42.86%,4,57.14%
2016/06/30,11:45,7,7,6,85.71%,00:01:07,00:02:34,0,0,1,14.29%,6,85.71%
2016/06/30,12:00,12,12,12,100.00%,00:02:30,00:04:24,0,0,4,33.33%,8,66.67%
2016/06/30,12:15,6,6,6,100.00%,00:02:22,00:08:11,0,0,2,33.33%,4,66.67%
2016/06/30,12:30,10,10,10,100.00%,00:00:39,00:05:10,0,0,1,10.00%,9,90.00%
2016/06/30,12:45,11,11,10,90.91%,00:02:20,00:06:32,0,0,3,27.27%,8,72.73%
2016/06/30,13:00,11,11,9,81.82%,00:00:37,00:03:46,0,0,3,27.27%,8,72.73%
2016/06/30,13:15,6,6,6,100.00%,00:02:10,00:06:21,0,0,2,33.33%,4,66.67%
2016/06/30,13:30,13,13,12,92.31%,00:01:17,00:10:18,0,0,4,30.77%,9,69.23%
2016/06/30,13:45,18,18,16,88.89%,00:01:12,00:05:40,0,0,4,22.22%,14,77.78%
2016/06/30,14:00,5,5,4,80.00%,00:01:14,00:05:24,0,0,1,20.00%,4,80.00%
2016/06/30,14:15,11,11,11,100.00%,00:01:25,00:08:57,0,0,1,9.09%,10,90.91%
2016/06/30,14:30,8,8,8,100.00%,00:01:29,00:01:46,0,0,3,37.50%,5,62.50%
2016/06/30,14:45,10,10,8,80.00%,00:02:05,00:20:11,0,0,2,20.00%,8,80.00%
2016/06/30,15:00,7,7,6,85.71%,00:01:14,00:11:15,0,0,2,28.57%,5,71.43%
2016/06/30,15:15,5,5,5,100.00%,00:01:47,00:02:16,0,0,2,40.00%,3,60.00%
2016/06/30,15:30,11,11,11,100.00%,00:01:11,00:06:34,0,0,1,9.09%,10,90.91%
2016/06/30,15:45,9,9,8,88.89%,00:02:41,00:02:47,0,0,3,33.33%,6,66.67%
2016/06/30,16:00,7,7,7,100.00%,00:03:23,00:09:24,0,0,2,28.57%,5,71.43%
2016/06/30,16:15,7,7,7,100.00%,00:01:34,00:13:39,0,0,2,28.57%,5,71.43%
2016/06/30,16:30,12,12,11,91.67%,00:01:27,00:11:03,0,0,3,25.00%,9,75.00%
2016/06/30,16:45,8,8,8,100.00%,00:01:52,00:20:15,0,0,0,0.00%,8,100.00%
2016/06/30,17:00,8,8,7,87.50%,00:02:13,00:24:06,0,0,1,12.50%,7,87.50%
2016/06/30,17:15,8,8,8,100.00%,00:02:12,00:40:58,0,0,1,12.50%,7,87.50%
2016/06/30,17:30,10,10,10,100.00%,00:02:06,00:27:36,0,0,0,0.00%,10,100.00%
2016/06/30,17:45,11,10,8,72.73%,00:02:26,00:15:46,1,0,2,18.18%,8,72.73%
2016/06/30,18:00,4,4,3,75.00%,00:12:40,00:21:43,0,0,1,25.00%,3,75.00%
2016/06/30,18:15,3,3,3,100.00%,00:19:39,00:24:54,0,0,0,0.00%,3,100.00%
2016/06/30,18:30,3,3,2,66.67%,00:06:31,00:06:52,0,0,1,33.33%,2,66.67%
2016/06/30,18:45,6,6,6,100.00%,00:02:32,00:11:40,0,0,1,16.67%,5,83.33%
2016/06/30,19:00,8,8,8,100.00%,,,0,0,1,12.50%,7,87.50%
